"SEASON","TEAM_NAME","WINS","LOSSES","WIN_PCT"
"2015","Golden State Warriors",73,9,0.89
"1995","Chicago Bulls",72,10,0.878
"1971","Los Angeles Lakers",69,13,0.841
"1996","Chicago Bulls",69,13,0.841
"1972","Boston Celtics",68,14,0.829
"2014","Golden State Warriors",67,15,0.817
"1999","Los Angeles Lakers",67,15,0.817
"1985","Boston Celtics",67,15,0.817
"2006","Dallas Mavericks",67,15,0.817
"2015","San Antonio Spurs",67,15,0.817
"2016","Golden State Warriors",67,15,0.817
"1946","Washington Capitols",49,11,0.817
"1991","Chicago Bulls",67,15,0.817
"2008","Cleveland Cavaliers",66,16,0.805
"2007","Boston Celtics",66,16,0.805
"1949","Syracuse Nationals",51,13,0.797
"2008","Los Angeles Lakers",65,17,0.793
"2017","Houston Rockets",65,17,0.793
"1982","Philadelphia 76ers",65,17,0.793
"1986","Los Angeles Lakers",65,17,0.793
"1959","Boston Celtics",59,16,0.787
"2021","Phoenix Suns",64,18,0.78
"1996","Utah Jazz",64,18,0.78
"2005","Detroit Pistons",64,18,0.78
"1995","Seattle SuperSonics",64,18,0.78
"1964","Boston Celtics",62,18,0.775
"1990","Portland Trail Blazers",63,19,0.768
"1993","Seattle SuperSonics",63,19,0.768
"1988","Detroit Pistons",63,19,0.768
"1981","Boston Celtics",63,19,0.768
"1989","Los Angeles Lakers",63,19,0.768
"1971","Milwaukee Bucks",63,19,0.768
"1984","Boston Celtics",63,19,0.768
"2005","San Antonio Spurs",63,19,0.768
"2019","Milwaukee Bucks",56,17,0.767
"2011","San Antonio Spurs",50,16,0.758
"2011","Chicago Bulls",50,16,0.758
"1967","Philadelphia 76ers",62,20,0.756
"1997","Chicago Bulls",62,20,0.756
"1997","Utah Jazz",62,20,0.756
"2008","Boston Celtics",62,20,0.756
"1980","Philadelphia 76ers",62,20,0.756
"2010","Chicago Bulls",62,20,0.756
"1983","Boston Celtics",62,20,0.756
"1985","Los Angeles Lakers",62,20,0.756
"2013","San Antonio Spurs",62,20,0.756
"2004","Phoenix Suns",62,20,0.756
"1994","San Antonio Spurs",62,20,0.756
"1984","Los Angeles Lakers",62,20,0.756
"1987","Los Angeles Lakers",62,20,0.756
"1980","Boston Celtics",62,20,0.756
"1992","Phoenix Suns",62,20,0.756
"1949","Minneapolis Lakers",52,17,0.754
"1948","Rochester Royals",45,15,0.75
"1996","Miami Heat",61,21,0.744
"2001","Sacramento Kings",61,21,0.744
"2016","San Antonio Spurs",61,21,0.744
"2010","San Antonio Spurs",61,21,0.744
"2003","Indiana Pacers",61,21,0.744
"1990","Chicago Bulls",61,21,0.744
"2009","Cleveland Cavaliers",61,21,0.744
"1997","Los Angeles Lakers",61,21,0.744
"1997","Seattle SuperSonics",61,21,0.744
"1979","Boston Celtics",61,21,0.744
"2006","Phoenix Suns",61,21,0.744
"1998","Utah Jazz",37,13,0.74
"1998","San Antonio Spurs",37,13,0.74
"1949","Rochester Royals",51,18,0.739
"1963","Boston Celtics",59,21,0.738
"2019","Toronto Raptors",53,19,0.736
"1948","Minneapolis Lakers",44,16,0.733
"1972","Milwaukee Bucks",60,22,0.732
"1974","Washington Bullets",60,22,0.732
"2002","San Antonio Spurs",60,22,0.732
"2002","Dallas Mavericks",60,22,0.732
"1992","New York Knicks",60,22,0.732
"1979","Los Angeles Lakers",60,22,0.732
"1969","New York Knicks",60,22,0.732
"1980","Milwaukee Bucks",60,22,0.732
"2005","Dallas Mavericks",60,22,0.732
"1995","Orlando Magic",60,22,0.732
"1972","Los Angeles Lakers",60,22,0.732
"2014","Atlanta Hawks",60,22,0.732
"1994","Utah Jazz",60,22,0.732
"2019","Los Angeles Lakers",52,19,0.732
"1974","Boston Celtics",60,22,0.732
"2018","Milwaukee Bucks",60,22,0.732
"1962","Boston Celtics",58,22,0.725
"1958","Boston Celtics",52,20,0.722
"2020","Utah Jazz",52,20,0.722
"1973","Milwaukee Bucks",59,23,0.72
"1989","Portland Trail Blazers",59,23,0.72
"1986","Boston Celtics",59,23,0.72
"1999","Portland Trail Blazers",59,23,0.72
"2013","Oklahoma City Thunder",59,23,0.72
"1984","Milwaukee Bucks",59,23,0.72
"1994","Phoenix Suns",59,23,0.72
"2007","Detroit Pistons",59,23,0.72
"2002","Sacramento Kings",59,23,0.72
"2004","San Antonio Spurs",59,23,0.72
"2017","Toronto Raptors",59,23,0.72
"2004","Miami Heat",59,23,0.72
"2009","Orlando Magic",59,23,0.72
"1989","Detroit Pistons",59,23,0.72
"2008","Orlando Magic",59,23,0.72
"1995","San Antonio Spurs",59,23,0.72
"1979","Philadelphia 76ers",59,23,0.72
"2011","Oklahoma City Thunder",47,19,0.712
"2020","Phoenix Suns",51,21,0.708
"2003","Minnesota Timberwolves",58,24,0.707
"1990","Los Angeles Lakers",58,24,0.707
"2000","San Antonio Spurs",58,24,0.707
"2022","Milwaukee Bucks",58,24,0.707
"1997","Indiana Pacers",58,24,0.707
"1977","Portland Trail Blazers",58,24,0.707
"2001","Los Angeles Lakers",58,24,0.707
"2017","Golden State Warriors",58,24,0.707
"2010","Miami Heat",58,24,0.707
"2006","San Antonio Spurs",58,24,0.707
"1993","Houston Rockets",58,24,0.707
"2001","San Antonio Spurs",58,24,0.707
"1984","Philadelphia 76ers",58,24,0.707
"2004","Dallas Mavericks",58,24,0.707
"2018","Toronto Raptors",58,24,0.707
"1981","Philadelphia 76ers",58,24,0.707
"1982","Los Angeles Lakers",58,24,0.707
"1998","Portland Trail Blazers",35,15,0.7
"2011","Miami Heat",46,20,0.697
"1993","New York Knicks",57,25,0.695
"1991","Portland Trail Blazers",57,25,0.695
"1996","New York Knicks",57,25,0.695
"2013","Los Angeles Clippers",57,25,0.695
"2003","San Antonio Spurs",57,25,0.695
"1996","Seattle SuperSonics",57,25,0.695
"2001","Dallas Mavericks",57,25,0.695
"2022","Boston Celtics",57,25,0.695
"2018","Golden State Warriors",57,25,0.695
"1992","Chicago Bulls",57,25,0.695
"1996","Houston Rockets",57,25,0.695
"1994","Orlando Magic",57,25,0.695
"1985","Milwaukee Bucks",57,25,0.695
"1987","Boston Celtics",57,25,0.695
"1991","Cleveland Cavaliers",57,25,0.695
"2007","Los Angeles Lakers",57,25,0.695
"2010","Dallas Mavericks",57,25,0.695
"1988","Cleveland Cavaliers",57,25,0.695
"1993","Atlanta Hawks",57,25,0.695
"2009","Los Angeles Lakers",57,25,0.695
"1968","Baltimore Bullets",57,25,0.695
"2010","Los Angeles Lakers",57,25,0.695
"1986","Atlanta Hawks",57,25,0.695
"1972","New York Knicks",57,25,0.695
"1980","Phoenix Suns",57,25,0.695
"1994","Seattle SuperSonics",57,25,0.695
"2015","Cleveland Cavaliers",57,25,0.695
"1981","Los Angeles Lakers",57,25,0.695
"1971","Chicago Bulls",57,25,0.695
"1988","Los Angeles Lakers",57,25,0.695
"1963","Cincinnati Royals",55,25,0.688
"1965","Philadelphia 76ers",55,25,0.688
"1952","Minneapolis Lakers",48,22,0.686
"1997","San Antonio Spurs",56,26,0.683
"2014","Houston Rockets",56,26,0.683
"2003","Los Angeles Lakers",56,26,0.683
"1989","San Antonio Spurs",56,26,0.683
"2014","Los Angeles Clippers",56,26,0.683
"2007","New Orleans Hornets",56,26,0.683
"2000","Philadelphia 76ers",56,26,0.683
"1996","Los Angeles Lakers",56,26,0.683
"1996","Atlanta Hawks",56,26,0.683
"1999","Indiana Pacers",56,26,0.683
"2010","Boston Celtics",56,26,0.683
"1979","Seattle SuperSonics",56,26,0.683
"2000","Los Angeles Lakers",56,26,0.683
"1973","Boston Celtics",56,26,0.683
"1982","Boston Celtics",56,26,0.683
"1990","Boston Celtics",56,26,0.683
"2015","Toronto Raptors",56,26,0.683
"2007","San Antonio Spurs",56,26,0.683
"1993","Phoenix Suns",56,26,0.683
"1997","Phoenix Suns",56,26,0.683
"2013","Indiana Pacers",56,26,0.683
"2021","Memphis Grizzlies",56,26,0.683
"1971","Boston Celtics",56,26,0.683
"1967","St. Louis Hawks",56,26,0.683
"1969","Milwaukee Bucks",56,26,0.683
"1958","St. Louis Hawks",49,23,0.681
"1957","Boston Celtics",49,23,0.681
"2020","Philadelphia 76ers",49,23,0.681
"2019","LA Clippers",49,23,0.681
"1965","Boston Celtics",54,26,0.675
"1989","Utah Jazz",55,27,0.671
"1968","Los Angeles Lakers",55,27,0.671
"1991","Utah Jazz",55,27,0.671
"1992","Houston Rockets",55,27,0.671
"2000","Sacramento Kings",55,27,0.671
"1990","Phoenix Suns",55,27,0.671
"1997","Miami Heat",55,27,0.671
"2009","Dallas Mavericks",55,27,0.671
"1977","Philadelphia 76ers",55,27,0.671
"1990","San Antonio Spurs",55,27,0.671
"1989","Chicago Bulls",55,27,0.671
"1995","Utah Jazz",55,27,0.671
"2014","Memphis Grizzlies",55,27,0.671
"2007","Houston Rockets",55,27,0.671
"2016","Houston Rockets",55,27,0.671
"2017","Boston Celtics",55,27,0.671
"2007","Phoenix Suns",55,27,0.671
"1991","Golden State Warriors",55,27,0.671
"1979","Phoenix Suns",55,27,0.671
"1952","New York Knicks",47,23,0.671
"2015","Oklahoma City Thunder",55,27,0.671
"1986","Dallas Mavericks",55,27,0.671
"1981","Milwaukee Bucks",55,27,0.671
"2003","Sacramento Kings",55,27,0.671
"1968","Philadelphia 76ers",55,27,0.671
"1992","Seattle SuperSonics",55,27,0.671
"2010","Oklahoma City Thunder",55,27,0.671
"1993","Chicago Bulls",55,27,0.671
"1993","San Antonio Spurs",55,27,0.671
"2014","San Antonio Spurs",55,27,0.671
"1999","Utah Jazz",55,27,0.671
"1994","New York Knicks",55,27,0.671
"1988","Phoenix Suns",55,27,0.671
"2020","Brooklyn Nets",48,24,0.667
"2019","Boston Celtics",48,24,0.667
"1962","Los Angeles Lakers",53,27,0.663
"1952","Syracuse Nationals",47,24,0.662
"1998","Indiana Pacers",33,17,0.66
"1998","Orlando Magic",33,17,0.66
"1998","Miami Heat",33,17,0.66
"1990","Utah Jazz",54,28,0.659
"2005","Phoenix Suns",54,28,0.659
"1983","Los Angeles Lakers",54,28,0.659
"1996","Charlotte Hornets",54,28,0.659
"1980","Los Angeles Lakers",54,28,0.659
"2008","Denver Nuggets",54,28,0.659
"2009","Phoenix Suns",54,28,0.659
"1992","Cleveland Cavaliers",54,28,0.659
"2003","Detroit Pistons",54,28,0.659
"1987","Detroit Pistons",54,28,0.659
"2007","Utah Jazz",54,28,0.659
"2008","San Antonio Spurs",54,28,0.659
"2018","Denver Nuggets",54,28,0.659
"1985","Philadelphia 76ers",54,28,0.659
"2013","Portland Trail Blazers",54,28,0.659
"1989","Phoenix Suns",54,28,0.659
"2022","Philadelphia 76ers",54,28,0.659
"1968","New York Knicks",54,28,0.659
"2013","Houston Rockets",54,28,0.659
"1978","Washington Bullets",54,28,0.659
"2008","Portland Trail Blazers",54,28,0.659
"1973","Chicago Bulls",54,28,0.659
"1987","Denver Nuggets",54,28,0.659
"2004","Detroit Pistons",54,28,0.659
"2013","Miami Heat",54,28,0.659
"1967","Boston Celtics",54,28,0.659
"1996","Detroit Pistons",54,28,0.659
"2020","LA Clippers",47,25,0.653
"2020","Denver Nuggets",47,25,0.653
"1959","Philadelphia Warriors",49,26,0.653
"1952","Boston Celtics",46,25,0.648
"1950","Minneapolis Lakers",44,24,0.647
"2008","Houston Rockets",53,29,0.646
"2000","Utah Jazz",53,29,0.646
"2022","Denver Nuggets",53,29,0.646
"1989","Philadelphia 76ers",53,29,0.646
"1993","Utah Jazz",53,29,0.646
"2009","Atlanta Hawks",53,29,0.646
"1982","San Antonio Spurs",53,29,0.646
"1995","Los Angeles Lakers",53,29,0.646
"2000","Dallas Mavericks",53,29,0.646
"2021","Golden State Warriors",53,29,0.646
"2014","Cleveland Cavaliers",53,29,0.646
"2009","Utah Jazz",53,29,0.646
"2016","Boston Celtics",53,29,0.646
"1987","Portland Trail Blazers",53,29,0.646
"1982","Phoenix Suns",53,29,0.646
"1991","Phoenix Suns",53,29,0.646
"1999","Phoenix Suns",53,29,0.646
"2018","Portland Trail Blazers",53,29,0.646
"1987","Dallas Mavericks",53,29,0.646
"1999","San Antonio Spurs",53,29,0.646
"2015","LA Clippers",53,29,0.646
"2021","Miami Heat",53,29,0.646
"2018","Houston Rockets",53,29,0.646
"2009","Denver Nuggets",53,29,0.646
"2006","Detroit Pistons",53,29,0.646
"1946","Chicago Stags",39,22,0.639
"2020","Milwaukee Bucks",46,26,0.639
"1953","Minneapolis Lakers",46,26,0.639
"2011","Indiana Pacers",42,24,0.636
"2007","Orlando Magic",52,30,0.634
"1984","Denver Nuggets",52,30,0.634
"1999","Miami Heat",52,30,0.634
"1995","Indiana Pacers",52,30,0.634
"1977","San Antonio Spurs",52,30,0.634
"1986","Detroit Pistons",52,30,0.634
"1980","San Antonio Spurs",52,30,0.634
"1967","Los Angeles Lakers",52,30,0.634
"2006","Houston Rockets",52,30,0.634
"2017","Philadelphia 76ers",52,30,0.634
"1981","Seattle SuperSonics",52,30,0.634
"2000","Milwaukee Bucks",52,30,0.634
"2005","Miami Heat",52,30,0.634
"1988","Atlanta Hawks",52,30,0.634
"2003","Dallas Mavericks",52,30,0.634
"1978","Seattle SuperSonics",52,30,0.634
"1994","Indiana Pacers",52,30,0.634
"1990","Houston Rockets",52,30,0.634
"1989","Boston Celtics",52,30,0.634
"2010","Orlando Magic",52,30,0.634
"2001","New Jersey Nets",52,30,0.634
"1983","Philadelphia 76ers",52,30,0.634
"1973","Detroit Pistons",52,30,0.634
"1988","New York Knicks",52,30,0.634
"1972","Baltimore Bullets",52,30,0.634
"2004","Seattle SuperSonics",52,30,0.634
"2021","Dallas Mavericks",52,30,0.634
"1948","Washington Capitols",38,22,0.633
"1948","Chicago Stags",38,22,0.633
"2019","Denver Nuggets",46,27,0.63
"1952","Rochester Royals",44,26,0.629
"1955","Philadelphia Warriors",45,27,0.625
"1946","St. Louis Bombers",38,23,0.623
"1992","Portland Trail Blazers",51,31,0.622
"2022","Memphis Grizzlies",51,31,0.622
"1991","New York Knicks",51,31,0.622
"2014","Portland Trail Blazers",51,31,0.622
"2016","LA Clippers",51,31,0.622
"2000","Phoenix Suns",51,31,0.622
"2016","Utah Jazz",51,31,0.622
"2021","Milwaukee Bucks",51,31,0.622
"1972","Chicago Bulls",51,31,0.622
"2018","Philadelphia 76ers",51,31,0.622
"1985","Houston Rockets",51,31,0.622
"2004","Houston Rockets",51,31,0.622
"2022","Cleveland Cavaliers",51,31,0.622
"1982","Milwaukee Bucks",51,31,0.622
"2021","Philadelphia 76ers",51,31,0.622
"1997","Charlotte Hornets",51,31,0.622
"2006","Utah Jazz",51,31,0.622
"2002","Minnesota Timberwolves",51,31,0.622
"1988","Utah Jazz",51,31,0.622
"2016","Cleveland Cavaliers",51,31,0.622
"2013","Golden State Warriors",51,31,0.622
"1991","Boston Celtics",51,31,0.622
"2016","Toronto Raptors",51,31,0.622
"2007","Dallas Mavericks",51,31,0.622
"2021","Boston Celtics",51,31,0.622
"1971","Golden State Warriors",51,31,0.622
"2011","Memphis Grizzlies",41,25,0.621
"1951","Rochester Royals",41,25,0.621
"2011","Los Angeles Lakers",41,25,0.621
"1998","Los Angeles Lakers",31,19,0.62
"1998","Atlanta Hawks",31,19,0.62
"1998","Houston Rockets",31,19,0.62
"2019","Indiana Pacers",45,28,0.616
"1964","Los Angeles Lakers",49,31,0.613
"1959","St. Louis Hawks",46,29,0.613
"1953","New York Knicks",44,28,0.611
"2019","Utah Jazz",44,28,0.611
"2019","Houston Rockets",44,28,0.611
"1956","Boston Celtics",44,28,0.611
"1953","Rochester Royals",44,28,0.611
"2019","Oklahoma City Thunder",44,28,0.611
"2000","Portland Trail Blazers",50,32,0.61
"2013","Memphis Grizzlies",50,32,0.61
"2007","Denver Nuggets",50,32,0.61
"1993","Golden State Warriors",50,32,0.61
"2009","Portland Trail Blazers",50,32,0.61
"2014","Chicago Bulls",50,32,0.61
"2009","Oklahoma City Thunder",50,32,0.61
"2002","Los Angeles Lakers",50,32,0.61
"2005","Cleveland Cavaliers",50,32,0.61
"1987","Atlanta Hawks",50,32,0.61
"2002","Portland Trail Blazers",50,32,0.61
"1969","Baltimore Bullets",50,32,0.61
"1979","Atlanta Hawks",50,32,0.61
"2008","Dallas Mavericks",50,32,0.61
"1987","Chicago Bulls",50,32,0.61
"2000","Miami Heat",50,32,0.61
"2001","Detroit Pistons",50,32,0.61
"2017","Cleveland Cavaliers",50,32,0.61
"2009","Boston Celtics",50,32,0.61
"1993","Orlando Magic",50,32,0.61
"2003","Memphis Grizzlies",50,32,0.61
"1985","Atlanta Hawks",50,32,0.61
"2018","Utah Jazz",50,32,0.61
"1999","Minnesota Timberwolves",50,32,0.61
"2006","Cleveland Cavaliers",50,32,0.61
"1994","Charlotte Hornets",50,32,0.61
"2001","Minnesota Timberwolves",50,32,0.61
"2010","Denver Nuggets",50,32,0.61
"1980","New York Knicks",50,32,0.61
"1999","New York Knicks",50,32,0.61
"1978","Phoenix Suns",50,32,0.61
"1997","Atlanta Hawks",50,32,0.61
"2004","Sacramento Kings",50,32,0.61
"2002","Detroit Pistons",50,32,0.61
"1990","Detroit Pistons",50,32,0.61
"1986","Milwaukee Bucks",50,32,0.61
"2014","Dallas Mavericks",50,32,0.61
"2009","San Antonio Spurs",50,32,0.61
"1983","Milwaukee Bucks",50,32,0.61
"1949","Indianapolis Olympians",39,25,0.609
"1951","Syracuse Nationals",40,26,0.606
"1950","Philadelphia Warriors",40,26,0.606
"1951","Minneapolis Lakers",40,26,0.606
"2011","Los Angeles Clippers",40,26,0.606
"2011","Atlanta Hawks",40,26,0.606
"1947","St. Louis Bombers",29,19,0.604
"1950","Rochester Royals",41,27,0.603
"2019","Miami Heat",44,29,0.603
"1962","Syracuse Nationals",48,32,0.6
"1962","St. Louis Hawks",48,32,0.6
"1964","Cincinnati Royals",48,32,0.6
"1959","Syracuse Nationals",45,30,0.6
"1963","San Francisco Warriors",48,32,0.6
"1947","Chicago Stags",30,20,0.6
"2001","Portland Trail Blazers",49,33,0.598
"1979","Milwaukee Bucks",49,33,0.598
"1973","New York Knicks",49,33,0.598
"1974","Buffalo Braves",49,33,0.598
"1983","Detroit Pistons",49,33,0.598
"2002","New Jersey Nets",49,33,0.598
"2017","Portland Trail Blazers",49,33,0.598
"2005","Memphis Grizzlies",49,33,0.598
"1999","Charlotte Hornets",49,33,0.598
"1999","Philadelphia 76ers",49,33,0.598
"2004","Denver Nuggets",49,33,0.598
"1977","Phoenix Suns",49,33,0.598
"2006","Chicago Bulls",49,33,0.598
"1986","Portland Trail Blazers",49,33,0.598
"2005","New Jersey Nets",49,33,0.598
"2021","Utah Jazz",49,33,0.598
"2008","New Orleans Hornets",49,33,0.598
"2018","Boston Celtics",49,33,0.598
"2016","Washington Wizards",49,33,0.598
"1988","Milwaukee Bucks",49,33,0.598
"2018","Oklahoma City Thunder",49,33,0.598
"2001","Boston Celtics",49,33,0.598
"2014","Toronto Raptors",49,33,0.598
"1971","Phoenix Suns",49,33,0.598
"2013","Dallas Mavericks",49,33,0.598
"1996","Portland Trail Blazers",49,33,0.598
"1992","San Antonio Spurs",49,33,0.598
"1982","New Jersey Nets",49,33,0.598
"1954","Ft. Wayne Zollner Pistons",43,29,0.597
"1954","Syracuse Nationals",43,29,0.597
"1949","Ft. Wayne Zollner Pistons",41,28,0.594
"1951","Boston Celtics",39,27,0.591
"2011","Boston Celtics",39,27,0.591
"2019","Philadelphia 76ers",43,30,0.589
"1949","New York Knicks",40,28,0.588
"2015","Charlotte Hornets",48,34,0.585
"1978","Kansas City Kings",48,34,0.585
"2010","Portland Trail Blazers",48,34,0.585
"2013","Toronto Raptors",48,34,0.585
"2002","Philadelphia 76ers",48,34,0.585
"2015","Boston Celtics",48,34,0.585
"1992","Boston Celtics",48,34,0.585
"1984","Houston Rockets",48,34,0.585
"1981","San Antonio Spurs",48,34,0.585
"2015","Miami Heat",48,34,0.585
"2021","Denver Nuggets",48,34,0.585
"2017","Oklahoma City Thunder",48,34,0.585
"1968","Boston Celtics",48,34,0.585
"2002","Indiana Pacers",48,34,0.585
"1974","Golden State Warriors",48,34,0.585
"1995","Houston Rockets",48,34,0.585
"1990","Milwaukee Bucks",48,34,0.585
"2018","Indiana Pacers",48,34,0.585
"2015","Atlanta Hawks",48,34,0.585
"2017","Utah Jazz",48,34,0.585
"2017","New Orleans Pelicans",48,34,0.585
"2021","Toronto Raptors",48,34,0.585
"1969","Atlanta Hawks",48,34,0.585
"2013","Phoenix Suns",48,34,0.585
"2018","San Antonio Spurs",48,34,0.585
"1982","Seattle SuperSonics",48,34,0.585
"1971","New York Knicks",48,34,0.585
"1968","Atlanta Hawks",48,34,0.585
"2017","Indiana Pacers",48,34,0.585
"2013","Chicago Bulls",48,34,0.585
"1977","Denver Nuggets",48,34,0.585
"2007","Golden State Warriors",48,34,0.585
"2008","Utah Jazz",48,34,0.585
"1978","San Antonio Spurs",48,34,0.585
"1994","Los Angeles Lakers",48,34,0.585
"2000","New York Knicks",48,34,0.585
"2018","LA Clippers",48,34,0.585
"1983","Portland Trail Blazers",48,34,0.585
"1991","Detroit Pistons",48,34,0.585
"2022","Sacramento Kings",48,34,0.585
"2020","Portland Trail Blazers",42,30,0.583
"1953","Boston Celtics",42,30,0.583
"1946","Philadelphia Warriors",35,25,0.583
"2020","Los Angeles Lakers",42,30,0.583
"1953","Syracuse Nationals",42,30,0.583
"2020","Dallas Mavericks",42,30,0.583
"1998","Detroit Pistons",29,21,0.58
"1949","Chicago Stags",40,29,0.58
"1949","Anderson Packers",37,27,0.578
"2011","Denver Nuggets",38,28,0.576
"1963","St. Louis Hawks",46,34,0.575
"1988","Chicago Bulls",47,35,0.573
"2002","Utah Jazz",47,35,0.573
"1972","Golden State Warriors",47,35,0.573
"2016","Oklahoma City Thunder",47,35,0.573
"1994","Houston Rockets",47,35,0.573
"1995","New York Knicks",47,35,0.573
"1991","Seattle SuperSonics",47,35,0.573
"2004","Chicago Bulls",47,35,0.573
"2009","Miami Heat",47,35,0.573
"1979","Kansas City Kings",47,35,0.573
"1992","Utah Jazz",47,35,0.573
"2003","New Jersey Nets",47,35,0.573
"1988","Seattle SuperSonics",47,35,0.573
"1989","Dallas Mavericks",47,35,0.573
"1991","San Antonio Spurs",47,35,0.573
"1977","Seattle SuperSonics",47,35,0.573
"1993","Portland Trail Blazers",47,35,0.573
"1993","Cleveland Cavaliers",47,35,0.573
"1973","Capital Bullets",47,35,0.573
"2002","New Orleans Hornets",47,35,0.573
"1973","Los Angeles Lakers",47,35,0.573
"2000","Toronto Raptors",47,35,0.573
"1994","Chicago Bulls",47,35,0.573
"2006","Toronto Raptors",47,35,0.573
"1978","Houston Rockets",47,35,0.573
"2019","Dallas Mavericks",43,32,0.573
"2005","Los Angeles Clippers",47,35,0.573
"1978","Los Angeles Lakers",47,35,0.573
"2000","Minnesota Timberwolves",47,35,0.573
"1974","Chicago Bulls",47,35,0.573
"1995","Cleveland Cavaliers",47,35,0.573
"1993","Indiana Pacers",47,35,0.573
"2017","San Antonio Spurs",47,35,0.573
"1971","Seattle SuperSonics",47,35,0.573
"2017","Minnesota Timberwolves",47,35,0.573
"1978","Philadelphia 76ers",47,35,0.573
"1985","Denver Nuggets",47,35,0.573
"2008","Atlanta Hawks",47,35,0.573
"1997","Cleveland Cavaliers",47,35,0.573
"1978","Denver Nuggets",47,35,0.573
"1983","New York Knicks",47,35,0.573
"1987","Utah Jazz",47,35,0.573
"2022","New York Knicks",47,35,0.573
"1947","Baltimore Bullets",28,21,0.571
"1947","Washington Capitols",28,21,0.571
"1957","Syracuse Nationals",41,31,0.569
"2020","Atlanta Hawks",41,31,0.569
"1957","St. Louis Hawks",41,31,0.569
"2020","New York Knicks",41,31,0.569
"1950","Boston Celtics",39,30,0.565
"1965","Los Angeles Lakers",45,35,0.563
"1965","Cincinnati Royals",45,35,0.563
"1964","St. Louis Hawks",45,35,0.563
"1947","Philadelphia Warriors",27,21,0.563
"1984","Detroit Pistons",46,36,0.561
"2010","Memphis Grizzlies",46,36,0.561
"1988","Philadelphia 76ers",46,36,0.561
"1972","Atlanta Hawks",46,36,0.561
"1987","Houston Rockets",46,36,0.561
"2021","Chicago Bulls",46,36,0.561
"2014","Washington Wizards",46,36,0.561
"1995","Detroit Pistons",46,36,0.561
"1997","Portland Trail Blazers",46,36,0.561
"2011","Orlando Magic",37,29,0.561
"2010","New Orleans Hornets",46,36,0.561
"1995","Atlanta Hawks",46,36,0.561
"2021","Minnesota Timberwolves",46,36,0.561
"2017","Denver Nuggets",46,36,0.561
"1982","Portland Trail Blazers",46,36,0.561
"1981","Phoenix Suns",46,36,0.561
"1981","Houston Rockets",46,36,0.561
"2008","Phoenix Suns",46,36,0.561
"2000","Charlotte Hornets",46,36,0.561
"1951","New York Knicks",37,29,0.561
"1985","Detroit Pistons",46,36,0.561
"1978","Atlanta Hawks",46,36,0.561
"1981","Denver Nuggets",46,36,0.561
"2009","Milwaukee Bucks",46,36,0.561
"1969","Los Angeles Lakers",46,36,0.561
"1998","Philadelphia 76ers",28,22,0.56
"1998","Milwaukee Bucks",28,22,0.56
"1953","Ft. Wayne Zollner Pistons",40,32,0.556
"1958","New York Knicks",40,32,0.556
"2020","Miami Heat",40,32,0.556
"1954","Minneapolis Lakers",40,32,0.556
"1946","New York Knicks",33,27,0.55
"1981","Golden State Warriors",45,37,0.549
"1982","Kansas City Kings",45,37,0.549
"1997","Minnesota Timberwolves",45,37,0.549
"1996","Orlando Magic",45,37,0.549
"2004","Boston Celtics",45,37,0.549
"1978","Portland Trail Blazers",45,37,0.549
"1980","Chicago Bulls",45,37,0.549
"1983","Utah Jazz",45,37,0.549
"1986","Philadelphia 76ers",45,37,0.549
"1983","New Jersey Nets",45,37,0.549
"2004","Memphis Grizzlies",45,37,0.549
"1988","Houston Rockets",45,37,0.549
"2007","Cleveland Cavaliers",45,37,0.549
"2014","Oklahoma City Thunder",45,37,0.549
"2005","Los Angeles Lakers",45,37,0.549
"2014","New Orleans Pelicans",45,37,0.549
"2004","Washington Wizards",45,37,0.549
"2006","Denver Nuggets",45,37,0.549
"2001","Seattle SuperSonics",45,37,0.549
"1982","Denver Nuggets",45,37,0.549
"2022","Phoenix Suns",45,37,0.549
"1991","Los Angeles Clippers",45,37,0.549
"1993","New Jersey Nets",45,37,0.549
"2022","Brooklyn Nets",45,37,0.549
"2000","Houston Rockets",45,37,0.549
"1999","Seattle SuperSonics",45,37,0.549
"2015","Indiana Pacers",45,37,0.549
"1980","Portland Trail Blazers",45,37,0.549
"2003","Houston Rockets",45,37,0.549
"1999","Toronto Raptors",45,37,0.549
"1989","New York Knicks",45,37,0.549
"1977","Los Angeles Lakers",45,37,0.549
"1950","New York Knicks",36,30,0.545
"2011","Dallas Mavericks",36,30,0.545
"2011","New York Knicks",36,30,0.545
"2011","Utah Jazz",36,30,0.545
"1955","Boston Celtics",39,33,0.542
"1947","New York Knicks",26,22,0.542
"2020","Golden State Warriors",39,33,0.542
"1998","Sacramento Kings",27,23,0.54
"1998","New York Knicks",27,23,0.54
"1998","Phoenix Suns",27,23,0.54
"2013","Brooklyn Nets",44,38,0.537
"1986","Utah Jazz",44,38,0.537
"2022","Miami Heat",44,38,0.537
"2004","Minnesota Timberwolves",44,38,0.537
"2005","Sacramento Kings",44,38,0.537
"1996","Washington Bullets",44,38,0.537
"1994","Portland Trail Blazers",44,38,0.537
"2001","Charlotte Hornets",44,38,0.537
"1977","Milwaukee Bucks",44,38,0.537
"2002","Phoenix Suns",44,38,0.537
"2006","Miami Heat",44,38,0.537
"2017","Miami Heat",44,38,0.537
"1980","Indiana Pacers",44,38,0.537
"1989","Milwaukee Bucks",44,38,0.537
"1973","Golden State Warriors",44,38,0.537
"1995","Portland Trail Blazers",44,38,0.537
"1992","Charlotte Hornets",44,38,0.537
"2015","Portland Trail Blazers",44,38,0.537
"2010","Atlanta Hawks",44,38,0.537
"2002","Boston Celtics",44,38,0.537
"1981","New Jersey Nets",44,38,0.537
"2015","Detroit Pistons",44,38,0.537
"2022","Golden State Warriors",44,38,0.537
"2017","Milwaukee Bucks",44,38,0.537
"1990","Golden State Warriors",44,38,0.537
"1990","Philadelphia 76ers",44,38,0.537
"2009","Charlotte Bobcats",44,38,0.537
"2013","Washington Wizards",44,38,0.537
"1974","Kansas City-Omaha Kings",44,38,0.537
"2000","Seattle SuperSonics",44,38,0.537
"2004","Indiana Pacers",44,38,0.537
"2001","Orlando Magic",44,38,0.537
"1984","Dallas Mavericks",44,38,0.537
"2022","LA Clippers",44,38,0.537
"1988","Denver Nuggets",44,38,0.537
"1987","Seattle SuperSonics",44,38,0.537
"1999","Sacramento Kings",44,38,0.537
"1982","New York Knicks",44,38,0.537
"2021","Brooklyn Nets",44,38,0.537
"1977","Washington Bullets",44,38,0.537
"2021","Cleveland Cavaliers",44,38,0.537
"2001","Utah Jazz",44,38,0.537
"2005","Denver Nuggets",44,38,0.537
"1985","Dallas Mavericks",44,38,0.537
"1948","New York Knicks",32,28,0.533
"2011","Philadelphia 76ers",35,31,0.53
"2020","Memphis Grizzlies",38,34,0.528
"1956","Syracuse Nationals",38,34,0.528
"1954","New York Knicks",38,34,0.528
"1962","Cincinnati Royals",42,38,0.525
"1963","Los Angeles Lakers",42,38,0.525
"1988","Golden State Warriors",43,39,0.524
"1983","Dallas Mavericks",43,39,0.524
"2017","Washington Wizards",43,39,0.524
"1992","New Jersey Nets",43,39,0.524
"2002","Houston Rockets",43,39,0.524
"2003","Denver Nuggets",43,39,0.524
"2008","Miami Heat",43,39,0.524
"2010","Houston Rockets",43,39,0.524
"1992","Atlanta Hawks",43,39,0.524
"1967","San Francisco Warriors",43,39,0.524
"2013","Charlotte Bobcats",43,39,0.524
"1994","Cleveland Cavaliers",43,39,0.524
"2022","Los Angeles Lakers",43,39,0.524
"1967","New York Knicks",43,39,0.524
"2007","Washington Wizards",43,39,0.524
"2016","Memphis Grizzlies",43,39,0.524
"2021","Atlanta Hawks",43,39,0.524
"1982","Atlanta Hawks",43,39,0.524
"1997","New Jersey Nets",43,39,0.524
"1990","Atlanta Hawks",43,39,0.524
"2001","Philadelphia 76ers",43,39,0.524
"2016","Atlanta Hawks",43,39,0.524
"1974","Seattle SuperSonics",43,39,0.524
"2000","Orlando Magic",43,39,0.524
"1978","San Diego Clippers",43,39,0.524
"1977","Cleveland Cavaliers",43,39,0.524
"1981","Washington Bullets",43,39,0.524
"1989","Denver Nuggets",43,39,0.524
"2004","Philadelphia 76ers",43,39,0.524
"2021","Charlotte Hornets",43,39,0.524
"1991","Los Angeles Lakers",43,39,0.524
"1997","New York Knicks",43,39,0.524
"1977","New York Knicks",43,39,0.524
"1977","Golden State Warriors",43,39,0.524
"1952","Ft. Wayne Zollner Pistons",36,33,0.522
"1998","Charlotte Hornets",26,24,0.52
"1951","Indianapolis Olympians",34,32,0.515
"2011","Houston Rockets",34,32,0.515
"1955","Ft. Wayne Zollner Pistons",37,35,0.514
"1957","Philadelphia Warriors",37,35,0.514
"1956","Philadelphia Warriors",37,35,0.514
"2003","Miami Heat",42,40,0.512
"1989","Indiana Pacers",42,40,0.512
"1984","New Jersey Nets",42,40,0.512
"1988","Boston Celtics",42,40,0.512
"2017","LA Clippers",42,40,0.512
"2010","New York Knicks",42,40,0.512
"1986","Golden State Warriors",42,40,0.512
"1989","Cleveland Cavaliers",42,40,0.512
"2003","Utah Jazz",42,40,0.512
"2018","Brooklyn Nets",42,40,0.512
"1973","Buffalo Braves",42,40,0.512
"2004","New Jersey Nets",42,40,0.512
"2015","Dallas Mavericks",42,40,0.512
"2016","Milwaukee Bucks",42,40,0.512
"1981","Portland Trail Blazers",42,40,0.512
"2005","Washington Wizards",42,40,0.512
"1981","Atlanta Hawks",42,40,0.512
"1986","Houston Rockets",42,40,0.512
"1986","Washington Bullets",42,40,0.512
"2002","Orlando Magic",42,40,0.512
"2006","Los Angeles Lakers",42,40,0.512
"1996","Cleveland Cavaliers",42,40,0.512
"2016","Indiana Pacers",42,40,0.512
"1984","Portland Trail Blazers",42,40,0.512
"1991","Houston Rockets",42,40,0.512
"1999","Milwaukee Bucks",42,40,0.512
"1982","Washington Bullets",42,40,0.512
"2021","LA Clippers",42,40,0.512
"1987","Cleveland Cavaliers",42,40,0.512
"1969","Philadelphia 76ers",42,40,0.512
"1985","Utah Jazz",42,40,0.512
"1999","Detroit Pistons",42,40,0.512
"2004","Cleveland Cavaliers",42,40,0.512
"2006","Golden State Warriors",42,40,0.512
"2018","Orlando Magic",42,40,0.512
"1993","Miami Heat",42,40,0.512
"2022","Minnesota Timberwolves",42,40,0.512
"1995","Miami Heat",42,40,0.512
"2009","Houston Rockets",42,40,0.512
"2001","Indiana Pacers",42,40,0.512
"1987","Milwaukee Bucks",42,40,0.512
"1983","Seattle SuperSonics",42,40,0.512
"2015","Chicago Bulls",42,40,0.512
"1997","Washington Wizards",42,40,0.512
"2022","New Orleans Pelicans",42,40,0.512
"1994","Atlanta Hawks",42,40,0.512
"2002","Milwaukee Bucks",42,40,0.512
"2015","Memphis Grizzlies",42,40,0.512
"1993","Denver Nuggets",42,40,0.512
"2001","Toronto Raptors",42,40,0.512
"1984","Utah Jazz",41,41,0.5
"2009","Chicago Bulls",41,41,0.5
"2003","Portland Trail Blazers",41,41,0.5
"2016","Portland Trail Blazers",41,41,0.5
"2015","Houston Rockets",41,41,0.5
"1990","Seattle SuperSonics",41,41,0.5
"2005","Utah Jazz",41,41,0.5
"2015","Washington Wizards",41,41,0.5
"1974","Houston Rockets",41,41,0.5
"2016","Miami Heat",41,41,0.5
"1989","Atlanta Hawks",41,41,0.5
"2006","Washington Wizards",41,41,0.5
"1977","Atlanta Hawks",41,41,0.5
"1994","Denver Nuggets",41,41,0.5
"1979","Houston Rockets",41,41,0.5
"1989","Seattle SuperSonics",41,41,0.5
"1992","Orlando Magic",41,41,0.5
"1993","Charlotte Hornets",41,41,0.5
"1997","Houston Rockets",41,41,0.5
"2011","Phoenix Suns",33,33,0.5
"1968","San Francisco Warriors",41,41,0.5
"1951","Philadelphia Warriors",33,33,0.5
"2000","Indiana Pacers",41,41,0.5
"2005","Chicago Bulls",41,41,0.5
"2003","New Orleans Hornets",41,41,0.5
"2014","Milwaukee Bucks",41,41,0.5
"1992","Indiana Pacers",41,41,0.5
"1992","Los Angeles Clippers",41,41,0.5
"2001","Milwaukee Bucks",41,41,0.5
"2022","Atlanta Hawks",41,41,0.5
"2020","Boston Celtics",36,36,0.5
"1968","Cincinnati Royals",41,41,0.5
"1984","San Antonio Spurs",41,41,0.5
"2007","Portland Trail Blazers",41,41,0.5
"1986","Indiana Pacers",41,41,0.5
"2006","New Jersey Nets",41,41,0.5
"1956","New York Knicks",36,36,0.5
"1983","Phoenix Suns",41,41,0.5
"2008","Chicago Bulls",41,41,0.5
"2005","Indiana Pacers",41,41,0.5
"2010","Philadelphia 76ers",41,41,0.5
"1997","Orlando Magic",41,41,0.5
"1998","Minnesota Timberwolves",25,25,0.5
"1999","Orlando Magic",41,41,0.5
"1990","Indiana Pacers",41,41,0.5
"1995","Phoenix Suns",41,41,0.5
"2016","Chicago Bulls",41,41,0.5
"2003","Milwaukee Bucks",41,41,0.5
"2022","Toronto Raptors",41,41,0.5
"1946","Cleveland Rebels",30,30,0.5
"2018","Detroit Pistons",41,41,0.5
"1995","Charlotte Hornets",41,41,0.5
"2008","Philadelphia 76ers",41,41,0.5
"1964","Philadelphia 76ers",40,40,0.5
"1954","Boston Celtics",36,36,0.5
"1979","San Antonio Spurs",41,41,0.5
"2007","Toronto Raptors",41,41,0.5
"1989","Houston Rockets",41,41,0.5
"1998","Seattle SuperSonics",25,25,0.5
"1955","Syracuse Nationals",36,37,0.493
"1985","Portland Trail Blazers",40,42,0.488
"1983","Atlanta Hawks",40,42,0.488
"2002","Seattle SuperSonics",40,42,0.488
"1991","New Jersey Nets",40,42,0.488
"2013","Minnesota Timberwolves",40,42,0.488
"1974","Cleveland Cavaliers",40,42,0.488
"2006","Los Angeles Clippers",40,42,0.488
"2014","Boston Celtics",40,42,0.488
"1996","Minnesota Timberwolves",40,42,0.488
"1986","Chicago Bulls",40,42,0.488
"1974","Detroit Pistons",40,42,0.488
"1996","Phoenix Suns",40,42,0.488
"2007","Philadelphia 76ers",40,42,0.488
"1991","Indiana Pacers",40,42,0.488
"1980","Kansas City Kings",40,42,0.488
"2015","Utah Jazz",40,42,0.488
"2022","Chicago Bulls",40,42,0.488
"1972","Detroit Pistons",40,42,0.488
"2010","Phoenix Suns",40,42,0.488
"1977","Chicago Bulls",40,42,0.488
"1980","Houston Rockets",40,42,0.488
"2000","Denver Nuggets",40,42,0.488
"1967","Detroit Pistons",40,42,0.488
"2022","Oklahoma City Thunder",40,42,0.488
"2009","Memphis Grizzlies",40,42,0.488
"2005","Milwaukee Bucks",40,42,0.488
"2009","Toronto Raptors",40,42,0.488
"1988","Washington Bullets",40,42,0.488
"1974","New York Knicks",40,42,0.488
"2016","Denver Nuggets",40,42,0.488
"2006","Orlando Magic",40,42,0.488
"1984","Washington Bullets",40,42,0.488
"1992","Detroit Pistons",40,42,0.488
"1999","Dallas Mavericks",40,42,0.488
"1957","New York Knicks",35,37,0.486
"2019","Brooklyn Nets",35,37,0.486
"1958","Syracuse Nationals",35,37,0.486
"1956","St. Louis Hawks",36,38,0.486
"1950","Syracuse Nationals",32,34,0.485
"1948","Baltimore Bullets",29,31,0.483
"1948","St. Louis Bombers",29,31,0.483
"1955","New York Knicks",35,38,0.479
"1990","New York Knicks",39,43,0.476
"1985","Washington Bullets",39,43,0.476
"1979","Washington Bullets",39,43,0.476
"1995","Washington Bullets",39,43,0.476
"1980","Golden State Warriors",39,43,0.476
"1981","Detroit Pistons",39,43,0.476
"1988","Portland Trail Blazers",39,43,0.476
"2018","Charlotte Hornets",39,43,0.476
"2008","Detroit Pistons",39,43,0.476
"2010","Utah Jazz",39,43,0.476
"1980","Washington Bullets",39,43,0.476
"1992","Los Angeles Lakers",39,43,0.476
"1967","Cincinnati Royals",39,43,0.476
"2014","Phoenix Suns",39,43,0.476
"1979","New York Knicks",39,43,0.476
"1977","New Orleans Jazz",39,43,0.476
"1995","Sacramento Kings",39,43,0.476
"1985","New Jersey Nets",39,43,0.476
"1969","Phoenix Suns",39,43,0.476
"2003","New York Knicks",39,43,0.476
"2018","Miami Heat",39,43,0.476
"2001","Los Angeles Clippers",39,43,0.476
"2006","New Orleans/Oklahoma City Hornets",39,43,0.476
"1994","Sacramento Kings",39,43,0.476
"1996","Indiana Pacers",39,43,0.476
"1986","Seattle SuperSonics",39,43,0.476
"2018","Sacramento Kings",39,43,0.476
"2017","Detroit Pistons",39,43,0.476
"1969","Chicago Bulls",39,43,0.476
"1965","Baltimore Bullets",38,42,0.475
"2019","Portland Trail Blazers",35,39,0.473
"2020","Indiana Pacers",34,38,0.472
"2020","Washington Wizards",34,38,0.472
"1949","Washington Capitols",32,36,0.471
"1950","Ft. Wayne Zollner Pistons",32,36,0.471
"2011","Milwaukee Bucks",31,35,0.47
"1946","Providence Steamrollers",28,32,0.467
"1948","Philadelphia Warriors",28,32,0.467
"1956","Minneapolis Lakers",34,39,0.466
"1956","Ft. Wayne Zollner Pistons",34,39,0.466
"1955","Minneapolis Lakers",34,39,0.466
"2019","Memphis Grizzlies",34,39,0.466
"2019","Phoenix Suns",34,39,0.466
"1978","Indiana Pacers",38,44,0.463
"1983","Kansas City Kings",38,44,0.463
"2007","Sacramento Kings",38,44,0.463
"1987","Indiana Pacers",38,44,0.463
"1983","Denver Nuggets",38,44,0.463
"1991","Atlanta Hawks",38,44,0.463
"2014","Brooklyn Nets",38,44,0.463
"1979","Portland Trail Blazers",38,44,0.463
"1974","Portland Trail Blazers",38,44,0.463
"1978","Golden State Warriors",38,44,0.463
"1984","Chicago Bulls",38,44,0.463
"1978","Milwaukee Bucks",38,44,0.463
"1971","Baltimore Bullets",38,44,0.463
"1982","Dallas Mavericks",38,44,0.463
"1987","Washington Bullets",38,44,0.463
"2005","Philadelphia 76ers",38,44,0.463
"2005","New Orleans/Oklahoma City Hornets",38,44,0.463
"2014","Indiana Pacers",38,44,0.463
"1964","Baltimore Bullets",37,43,0.463
"1974","Milwaukee Bucks",38,44,0.463
"2013","Atlanta Hawks",38,44,0.463
"2014","Utah Jazz",38,44,0.463
"2022","Dallas Mavericks",38,44,0.463
"1991","Miami Heat",38,44,0.463
"1988","Dallas Mavericks",38,44,0.463
"1977","Detroit Pistons",38,44,0.463
"1987","New York Knicks",38,44,0.463
"2002","Golden State Warriors",38,44,0.463
"1972","Phoenix Suns",38,44,0.463
"1998","Toronto Raptors",23,27,0.46
"2020","San Antonio Spurs",33,39,0.458
"1957","Cincinnati Royals",33,39,0.458
"1954","Philadelphia Warriors",33,39,0.458
"1957","Detroit Pistons",33,39,0.458
"2020","Charlotte Hornets",33,39,0.458
"1958","Minneapolis Lakers",33,39,0.458
"1950","Indianapolis Olympians",31,37,0.456
"1949","Tri-Cities Blackhawks",29,35,0.453
"1955","St. Louis Hawks",33,40,0.452
"2019","Orlando Magic",33,40,0.452
"2010","Indiana Pacers",37,45,0.451
"2014","Miami Heat",37,45,0.451
"1968","San Diego Rockets",37,45,0.451
"1986","Denver Nuggets",37,45,0.451
"1979","Cleveland Cavaliers",37,45,0.451
"2019","San Antonio Spurs",32,39,0.451
"2002","Washington Wizards",37,45,0.451
"2021","New York Knicks",37,45,0.451
"2002","New York Knicks",37,45,0.451
"2009","New Orleans Hornets",37,45,0.451
"1985","Sacramento Kings",37,45,0.451
"2016","Detroit Pistons",37,45,0.451
"1989","Golden State Warriors",37,45,0.451
"1983","Golden State Warriors",37,45,0.451
"2003","Seattle SuperSonics",37,45,0.451
"1983","San Antonio Spurs",37,45,0.451
"1979","Indiana Pacers",37,45,0.451
"2001","Washington Wizards",37,45,0.451
"1978","New Jersey Nets",37,45,0.451
"1997","Detroit Pistons",37,45,0.451
"2018","Los Angeles Lakers",37,45,0.451
"1980","Denver Nuggets",37,45,0.451
"2022","Utah Jazz",37,45,0.451
"1982","Detroit Pistons",37,45,0.451
"2007","Atlanta Hawks",37,45,0.451
"2013","New York Knicks",37,45,0.451
"2004","Los Angeles Clippers",37,45,0.451
"2003","Golden State Warriors",37,45,0.451
"1965","St. Louis Hawks",36,44,0.45
"1958","Philadelphia Warriors",32,40,0.444
"1998","Cleveland Cavaliers",22,28,0.44
"1973","Seattle SuperSonics",36,46,0.439
"1996","Los Angeles Clippers",36,46,0.439
"2007","Indiana Pacers",36,46,0.439
"2016","Charlotte Hornets",36,46,0.439
"1987","Philadelphia 76ers",36,46,0.439
"1969","Cincinnati Royals",36,46,0.439
"1997","Boston Celtics",36,46,0.439
"2004","Orlando Magic",36,46,0.439
"2001","Miami Heat",36,46,0.439
"2021","New Orleans Pelicans",36,46,0.439
"1984","Phoenix Suns",36,46,0.439
"2010","Golden State Warriors",36,46,0.439
"2000","Boston Celtics",36,46,0.439
"2008","Indiana Pacers",36,46,0.439
"1997","Milwaukee Bucks",36,46,0.439
"2013","Denver Nuggets",36,46,0.439
"1980","San Diego Clippers",36,46,0.439
"2001","Phoenix Suns",36,46,0.439
"1994","Dallas Mavericks",36,46,0.439
"1984","Cleveland Cavaliers",36,46,0.439
"2017","Charlotte Hornets",36,46,0.439
"1969","Seattle SuperSonics",36,46,0.439
"1992","Miami Heat",36,46,0.439
"2018","Minnesota Timberwolves",36,46,0.439
"1972","Kansas City-Omaha Kings",36,46,0.439
"1971","Atlanta Hawks",36,46,0.439
"1992","Denver Nuggets",36,46,0.439
"1995","Golden State Warriors",36,46,0.439
"2003","Boston Celtics",36,46,0.439
"1986","Phoenix Suns",36,46,0.439
"1951","Ft. Wayne Zollner Pistons",29,37,0.439
"2005","Orlando Magic",36,46,0.439
"1967","Baltimore Bullets",36,46,0.439
"1965","San Francisco Warriors",35,45,0.438
"2020","Sacramento Kings",31,41,0.431
"2020","New Orleans Pelicans",31,41,0.431
"1956","Rochester Royals",31,41,0.431
"2020","Chicago Bulls",31,41,0.431
"1955","Rochester Royals",31,41,0.431
"2019","Sacramento Kings",31,41,0.431
"2022","Indiana Pacers",35,47,0.427
"2005","Seattle SuperSonics",35,47,0.427
"1981","Indiana Pacers",35,47,0.427
"2008","Charlotte Bobcats",35,47,0.427
"2002","Atlanta Hawks",35,47,0.427
"2021","Washington Wizards",35,47,0.427
"1983","Washington Bullets",35,47,0.427
"1999","Boston Celtics",35,47,0.427
"2006","Philadelphia 76ers",35,47,0.427
"2022","Washington Wizards",35,47,0.427
"1991","Philadelphia 76ers",35,47,0.427
"1994","Boston Celtics",35,47,0.427
"2006","Indiana Pacers",35,47,0.427
"2017","Los Angeles Lakers",35,47,0.427
"2010","Milwaukee Bucks",35,47,0.427
"1999","Denver Nuggets",35,47,0.427
"1973","Atlanta Hawks",35,47,0.427
"1985","San Antonio Spurs",35,47,0.427
"2003","Cleveland Cavaliers",35,47,0.427
"2015","Orlando Magic",35,47,0.427
"1995","Denver Nuggets",35,47,0.427
"1979","San Diego Clippers",35,47,0.427
"1963","Philadelphia 76ers",34,46,0.425
"1962","Detroit Pistons",34,46,0.425
"2011","Portland Trail Blazers",28,38,0.424
"1998","Golden State Warriors",21,29,0.42
"1948","Boston Celtics",25,35,0.417
"1947","Boston Celtics",20,28,0.417
"2019","New Orleans Pelicans",30,42,0.417
"2007","New Jersey Nets",34,48,0.415
"2004","Los Angeles Lakers",34,48,0.415
"1981","Chicago Bulls",34,48,0.415
"2022","Orlando Magic",34,48,0.415
"2016","New Orleans Pelicans",34,48,0.415
"2013","New Orleans Pelicans",34,48,0.415
"2008","New Jersey Nets",34,48,0.415
"1999","Houston Rockets",34,48,0.415
"2021","San Antonio Spurs",34,48,0.415
"1974","Philadelphia 76ers",34,48,0.415
"1996","Sacramento Kings",34,48,0.415
"2010","Charlotte Bobcats",34,48,0.415
"2005","Houston Rockets",34,48,0.415
"2008","Milwaukee Bucks",34,48,0.415
"1980","Seattle SuperSonics",34,48,0.415
"1992","Golden State Warriors",34,48,0.415
"1969","Boston Celtics",34,48,0.415
"1994","Milwaukee Bucks",34,48,0.415
"2004","Golden State Warriors",34,48,0.415
"1979","New Jersey Nets",34,48,0.415
"2005","Golden State Warriors",34,48,0.415
"1971","Houston Rockets",34,48,0.415
"1984","Atlanta Hawks",34,48,0.415
"1954","Rochester Royals",29,43,0.403
"1953","Philadelphia Warriors",29,43,0.403
"1993","Los Angeles Lakers",33,49,0.402
"2004","Toronto Raptors",33,49,0.402
"2014","Charlotte Hornets",33,49,0.402
"2015","Milwaukee Bucks",33,49,0.402
"1972","Houston Rockets",33,49,0.402
"1995","Boston Celtics",33,49,0.402
"2005","Minnesota Timberwolves",33,49,0.402
"2006","New York Knicks",33,49,0.402
"2018","Dallas Mavericks",33,49,0.402
"2003","Toronto Raptors",33,49,0.402
"2006","Charlotte Bobcats",33,49,0.402
"2018","New Orleans Pelicans",33,49,0.402
"2021","Los Angeles Lakers",33,49,0.402
"2022","Portland Trail Blazers",33,49,0.402
"2006","Sacramento Kings",33,49,0.402
"2015","Sacramento Kings",33,49,0.402
"1990","Cleveland Cavaliers",33,49,0.402
"2004","New York Knicks",33,49,0.402
"1981","New York Knicks",33,49,0.402
"1973","Kansas City-Omaha Kings",33,49,0.402
"2015","Denver Nuggets",33,49,0.402
"2007","Chicago Bulls",33,49,0.402
"2005","Boston Celtics",33,49,0.402
"2001","Atlanta Hawks",33,49,0.402
"2016","Dallas Mavericks",33,49,0.402
"2018","Memphis Grizzlies",33,49,0.402
"1996","Milwaukee Bucks",33,49,0.402
"2003","Philadelphia 76ers",33,49,0.402
"2013","Cleveland Cavaliers",33,49,0.402
"1968","Chicago Bulls",33,49,0.402
"2008","Toronto Raptors",33,49,0.402
"1959","Detroit Pistons",30,45,0.4
"2011","Minnesota Timberwolves",26,40,0.394
"1952","Indianapolis Olympians",28,43,0.394
"2015","New York Knicks",32,50,0.39
"1994","Miami Heat",32,50,0.39
"1999","Cleveland Cavaliers",32,50,0.39
"1973","Houston Rockets",32,50,0.39
"2014","Detroit Pistons",32,50,0.39
"2000","Detroit Pistons",32,50,0.39
"2010","Los Angeles Clippers",32,50,0.39
"1993","Boston Celtics",32,50,0.39
"2018","Washington Wizards",32,50,0.39
"1977","Boston Celtics",32,50,0.39
"2006","Portland Trail Blazers",32,50,0.39
"2009","Indiana Pacers",32,50,0.39
"2008","New York Knicks",32,50,0.39
"1985","Phoenix Suns",32,50,0.39
"2006","Minnesota Timberwolves",32,50,0.39
"1985","Los Angeles Clippers",32,50,0.39
"1972","Cleveland Cavaliers",32,50,0.39
"2016","Sacramento Kings",32,50,0.39
"2007","Charlotte Bobcats",32,50,0.39
"1974","Phoenix Suns",32,50,0.39
"1968","Detroit Pistons",32,50,0.39
"1958","Detroit Pistons",28,44,0.389
"1964","Detroit Pistons",31,49,0.388
"1962","San Francisco Warriors",31,49,0.388
"1963","Baltimore Bullets",31,49,0.388
"1964","New York Knicks",31,49,0.388
"1949","Philadelphia Warriors",26,42,0.382
"1949","St. Louis Bombers",26,42,0.382
"1998","Boston Celtics",19,31,0.38
"1998","Dallas Mavericks",19,31,0.38
"1952","Milwaukee Hawks",27,44,0.38
"2011","Detroit Pistons",25,41,0.379
"1990","Orlando Magic",31,51,0.378
"1978","Chicago Bulls",31,51,0.378
"1991","Milwaukee Bucks",31,51,0.378
"1974","Atlanta Hawks",31,51,0.378
"1980","Atlanta Hawks",31,51,0.378
"1989","Washington Bullets",31,51,0.378
"2016","New York Knicks",31,51,0.378
"1997","Philadelphia 76ers",31,51,0.378
"2016","Minnesota Timberwolves",31,51,0.378
"1999","New Jersey Nets",31,51,0.378
"1969","Detroit Pistons",31,51,0.378
"1977","Kansas City Kings",31,51,0.378
"1991","Charlotte Hornets",31,51,0.378
"1987","San Antonio Spurs",31,51,0.378
"1984","Los Angeles Clippers",31,51,0.378
"1990","Los Angeles Clippers",31,51,0.378
"1984","Kansas City Kings",31,51,0.378
"1978","New York Knicks",31,51,0.378
"1977","Indiana Pacers",31,51,0.378
"2006","Seattle SuperSonics",31,51,0.378
"1984","Seattle SuperSonics",31,51,0.378
"2000","Los Angeles Clippers",31,51,0.378
"1985","Seattle SuperSonics",31,51,0.378
"1986","Cleveland Cavaliers",31,51,0.378
"1965","New York Knicks",30,50,0.375
"2020","Toronto Raptors",27,45,0.375
"1950","Tri-Cities Blackhawks",25,43,0.368
"1949","Baltimore Bullets",25,43,0.368
"1946","Toronto Huskies",22,38,0.367
"1946","Boston Celtics",22,38,0.367
"1948","Ft. Wayne Zollner Pistons",22,38,0.367
"1985","Chicago Bulls",30,52,0.366
"2006","Atlanta Hawks",30,52,0.366
"2014","Denver Nuggets",30,52,0.366
"2004","Milwaukee Bucks",30,52,0.366
"1983","San Diego Clippers",30,52,0.366
"1979","Chicago Bulls",30,52,0.366
"1982","Golden State Warriors",30,52,0.366
"2002","Chicago Bulls",30,52,0.366
"1990","Washington Bullets",30,52,0.366
"1985","Golden State Warriors",30,52,0.366
"1973","Phoenix Suns",30,52,0.366
"1996","Golden State Warriors",30,52,0.366
"1982","Utah Jazz",30,52,0.366
"1995","New Jersey Nets",30,52,0.366
"1971","Cincinnati Royals",30,52,0.366
"1978","Cleveland Cavaliers",30,52,0.366
"2001","New York Knicks",30,52,0.366
"2010","Detroit Pistons",30,52,0.366
"1971","Philadelphia 76ers",30,52,0.366
"1974","Los Angeles Lakers",30,52,0.366
"1989","Los Angeles Clippers",30,52,0.366
"1994","New Jersey Nets",30,52,0.366
"2000","Cleveland Cavaliers",30,52,0.366
"1979","Denver Nuggets",30,52,0.366
"1996","Toronto Raptors",30,52,0.366
"2021","Sacramento Kings",30,52,0.366
"2015","New Orleans Pelicans",30,52,0.366
"1968","Seattle SuperSonics",30,52,0.366
"1981","Kansas City Kings",30,52,0.366
"1969","San Francisco Warriors",30,52,0.366
"1978","Detroit Pistons",30,52,0.366
"1950","Baltimore Bullets",24,42,0.364
"1954","Milwaukee Hawks",26,46,0.361
"1959","New York Knicks",27,48,0.36
"1998","Washington Wizards",18,32,0.36
"1949","Sheboygan Redskins",22,40,0.355
"2008","Golden State Warriors",29,53,0.354
"2019","Charlotte Hornets",23,42,0.354
"1983","Houston Rockets",29,53,0.354
"1985","Cleveland Cavaliers",29,53,0.354
"2016","Orlando Magic",29,53,0.354
"2003","Phoenix Suns",29,53,0.354
"1991","Sacramento Kings",29,53,0.354
"1995","Los Angeles Clippers",29,53,0.354
"1999","Washington Wizards",29,53,0.354
"2014","Sacramento Kings",29,53,0.354
"1973","Cleveland Cavaliers",29,53,0.354
"2015","Minnesota Timberwolves",29,53,0.354
"2018","Atlanta Hawks",29,53,0.354
"1986","Sacramento Kings",29,53,0.354
"2013","Detroit Pistons",29,53,0.354
"2017","New York Knicks",29,53,0.354
"2009","New York Knicks",29,53,0.354
"2009","Los Angeles Clippers",29,53,0.354
"1967","Chicago Bulls",29,53,0.354
"2001","Cleveland Cavaliers",29,53,0.354
"1990","Minnesota Timberwolves",29,53,0.354
"1978","Boston Celtics",29,53,0.354
"2011","Golden State Warriors",23,43,0.348
"2011","Toronto Raptors",23,43,0.348
"2019","Washington Wizards",25,47,0.347
"2016","Philadelphia 76ers",28,54,0.341
"1993","Sacramento Kings",28,54,0.341
"1980","Cleveland Cavaliers",28,54,0.341
"1980","Utah Jazz",28,54,0.341
"1988","Indiana Pacers",28,54,0.341
"1986","San Antonio Spurs",28,54,0.341
"1982","Chicago Bulls",28,54,0.341
"1999","Atlanta Hawks",28,54,0.341
"2003","Atlanta Hawks",28,54,0.341
"1994","Detroit Pistons",28,54,0.341
"1992","Milwaukee Bucks",28,54,0.341
"2001","Houston Rockets",28,54,0.341
"2003","Los Angeles Clippers",28,54,0.341
"2017","Brooklyn Nets",28,54,0.341
"1987","Phoenix Suns",28,54,0.341
"2013","Sacramento Kings",28,54,0.341
"2006","Milwaukee Bucks",28,54,0.341
"1990","Dallas Mavericks",28,54,0.341
"1977","Houston Rockets",28,54,0.341
"1983","Cleveland Cavaliers",28,54,0.341
"2002","Memphis Grizzlies",28,54,0.341
"1981","Dallas Mavericks",28,54,0.341
"2019","Chicago Bulls",22,43,0.338
"2011","Sacramento Kings",22,44,0.333
"1959","Minneapolis Lakers",25,50,0.333
"1946","Detroit Falcons",20,40,0.333
"2011","New Jersey Nets",22,44,0.333
"2013","Los Angeles Lakers",27,55,0.329
"1969","San Diego Rockets",27,55,0.329
"1968","Milwaukee Bucks",27,55,0.329
"1997","Sacramento Kings",27,55,0.329
"2021","Portland Trail Blazers",27,55,0.329
"1973","Portland Trail Blazers",27,55,0.329
"2017","Sacramento Kings",27,55,0.329
"1977","Buffalo Braves",27,55,0.329
"2005","Toronto Raptors",27,55,0.329
"1993","Los Angeles Clippers",27,55,0.329
"2009","Philadelphia 76ers",27,55,0.329
"2009","Detroit Pistons",27,55,0.329
"2004","Portland Trail Blazers",27,55,0.329
"2017","Chicago Bulls",27,55,0.329
"1983","Chicago Bulls",27,55,0.329
"1988","Sacramento Kings",27,55,0.329
"2001","Denver Nuggets",27,55,0.329
"2022","Charlotte Hornets",27,55,0.329
"2002","Los Angeles Clippers",27,55,0.329
"1949","Boston Celtics",22,46,0.324
"1998","New Jersey Nets",16,34,0.32
"2020","Minnesota Timberwolves",23,49,0.319
"2011","Cleveland Cavaliers",21,45,0.318
"2011","New Orleans Hornets",21,45,0.318
"2019","New York Knicks",21,45,0.318
"1995","Dallas Mavericks",26,56,0.317
"2005","Atlanta Hawks",26,56,0.317
"2000","New Jersey Nets",26,56,0.317
"1990","Charlotte Hornets",26,56,0.317
"1994","Golden State Warriors",26,56,0.317
"1978","New Orleans Jazz",26,56,0.317
"1972","Seattle SuperSonics",26,56,0.317
"1992","Philadelphia 76ers",26,56,0.317
"1983","Indiana Pacers",26,56,0.317
"1971","Detroit Pistons",26,56,0.317
"2009","Washington Wizards",26,56,0.317
"2009","Golden State Warriors",26,56,0.317
"1988","New Jersey Nets",26,56,0.317
"1990","New Jersey Nets",26,56,0.317
"1985","Indiana Pacers",26,56,0.317
"2004","Utah Jazz",26,56,0.317
"1995","Minnesota Timberwolves",26,56,0.317
"2016","Los Angeles Lakers",26,56,0.317
"2005","Charlotte Bobcats",26,56,0.317
"1996","New Jersey Nets",26,56,0.317
"2007","Milwaukee Bucks",26,56,0.317
"1962","Chicago Zephyrs",25,55,0.313
"2020","Oklahoma City Thunder",22,50,0.306
"1949","Waterloo Hawks",19,43,0.306
"2020","Cleveland Cavaliers",22,50,0.306
"1982","San Diego Clippers",25,57,0.305
"2013","Boston Celtics",25,57,0.305
"1990","Sacramento Kings",25,57,0.305
"2002","Miami Heat",25,57,0.305
"2017","Orlando Magic",25,57,0.305
"2021","Indiana Pacers",25,57,0.305
"2013","Utah Jazz",25,57,0.305
"1995","Milwaukee Bucks",25,57,0.305
"2000","Atlanta Hawks",25,57,0.305
"1991","Washington Bullets",25,57,0.305
"1981","Utah Jazz",25,57,0.305
"2003","Washington Wizards",25,57,0.305
"1973","Philadelphia 76ers",25,57,0.305
"2014","Orlando Magic",25,57,0.305
"1992","Sacramento Kings",25,57,0.305
"1993","Philadelphia 76ers",25,57,0.305
"2009","Sacramento Kings",25,57,0.305
"1951","Baltimore Bullets",20,46,0.303
"2019","Detroit Pistons",20,46,0.303
"2011","Washington Wizards",20,46,0.303
"1948","Indianapolis Jets",18,42,0.3
"2019","Atlanta Hawks",20,47,0.299
"2019","Minnesota Timberwolves",19,45,0.297
"1996","Dallas Mavericks",24,58,0.293
"2017","Dallas Mavericks",24,58,0.293
"2008","Minnesota Timberwolves",24,58,0.293
"2021","Oklahoma City Thunder",24,58,0.293
"2010","Sacramento Kings",24,58,0.293
"1993","Washington Bullets",24,58,0.293
"1990","Miami Heat",24,58,0.293
"1986","New York Knicks",24,58,0.293
"1977","New Jersey Nets",24,58,0.293
"1986","New Jersey Nets",24,58,0.293
"2010","New Jersey Nets",24,58,0.293
"2017","Atlanta Hawks",24,58,0.293
"1980","New Jersey Nets",24,58,0.293
"2002","Toronto Raptors",24,58,0.293
"2006","Boston Celtics",24,58,0.293
"1979","Utah Jazz",24,58,0.293
"1994","Philadelphia 76ers",24,58,0.293
"1979","Golden State Warriors",24,58,0.293
"1984","New York Knicks",24,58,0.293
"1987","Sacramento Kings",24,58,0.293
"2016","Phoenix Suns",24,58,0.293
"2008","Memphis Grizzlies",24,58,0.293
"1991","Denver Nuggets",24,58,0.293
"2019","Cleveland Cavaliers",19,46,0.292
"2020","Orlando Magic",21,51,0.292
"1963","Detroit Pistons",23,57,0.288
"1950","Washington Capitols",10,25,0.286
"1953","Milwaukee Hawks",20,51,0.282
"2007","New York Knicks",23,59,0.28
"1967","Seattle SuperSonics",23,59,0.28
"1989","Sacramento Kings",23,59,0.28
"2013","Orlando Magic",23,59,0.28
"1982","Cleveland Cavaliers",23,59,0.28
"2010","Washington Wizards",23,59,0.28
"2001","Memphis Grizzlies",23,59,0.28
"2021","Detroit Pistons",23,59,0.28
"1998","Denver Nuggets",14,36,0.28
"2000","Vancouver Grizzlies",23,59,0.28
"2015","Phoenix Suns",23,59,0.28
"1971","Cleveland Cavaliers",23,59,0.28
"2008","Oklahoma City Thunder",23,59,0.28
"2005","New York Knicks",23,59,0.28
"2007","Los Angeles Clippers",23,59,0.28
"1985","New York Knicks",23,59,0.28
"2003","Chicago Bulls",23,59,0.28
"1974","New Orleans Jazz",23,59,0.28
"2020","Detroit Pistons",20,52,0.278
"1965","Detroit Pistons",22,58,0.275
"1963","New York Knicks",22,58,0.275
"1992","Washington Bullets",22,60,0.268
"1984","Indiana Pacers",22,60,0.268
"1991","Dallas Mavericks",22,60,0.268
"1989","Minnesota Timberwolves",22,60,0.268
"2022","Houston Rockets",22,60,0.268
"2021","Orlando Magic",22,60,0.268
"2010","Toronto Raptors",22,60,0.268
"2018","Chicago Bulls",22,60,0.268
"2007","Minnesota Timberwolves",22,60,0.268
"2017","Memphis Grizzlies",22,60,0.268
"2006","Memphis Grizzlies",22,60,0.268
"1971","Buffalo Braves",22,60,0.268
"1996","Philadelphia 76ers",22,60,0.268
"1984","Golden State Warriors",22,60,0.268
"2022","San Antonio Spurs",22,60,0.268
"1999","Vancouver Grizzlies",22,60,0.268
"2007","Memphis Grizzlies",22,60,0.268
"1958","Cincinnati Royals",19,53,0.264
"1957","Minneapolis Lakers",19,53,0.264
"1962","New York Knicks",21,59,0.263
"1998","Chicago Bulls",13,37,0.26
"1951","Milwaukee Hawks",17,49,0.258
"1988","Los Angeles Clippers",21,61,0.256
"2017","Phoenix Suns",21,61,0.256
"1991","Orlando Magic",21,61,0.256
"1972","Buffalo Braves",21,61,0.256
"2001","Golden State Warriors",21,61,0.256
"1995","Toronto Raptors",21,61,0.256
"2001","Chicago Bulls",21,61,0.256
"2014","Los Angeles Lakers",21,61,0.256
"1994","Minnesota Timberwolves",21,61,0.256
"2003","Orlando Magic",21,61,0.256
"1980","Detroit Pistons",21,61,0.256
"1996","Denver Nuggets",21,61,0.256
"2015","Brooklyn Nets",21,61,0.256
"1972","Portland Trail Blazers",21,61,0.256
"1988","San Antonio Spurs",21,61,0.256
"1994","Washington Bullets",21,61,0.256
"2005","Portland Trail Blazers",21,61,0.256
"1959","Cincinnati Royals",19,56,0.253
"1946","Pittsburgh Ironmen",15,45,0.25
"2016","Brooklyn Nets",20,62,0.244
"1997","Dallas Mavericks",20,62,0.244
"1990","Denver Nuggets",20,62,0.244
"1988","Charlotte Hornets",20,62,0.244
"1996","San Antonio Spurs",20,62,0.244
"1993","Detroit Pistons",20,62,0.244
"2007","Seattle SuperSonics",20,62,0.244
"1993","Minnesota Timberwolves",20,62,0.244
"1993","Milwaukee Bucks",20,62,0.244
"2021","Houston Rockets",20,62,0.244
"1982","Indiana Pacers",20,62,0.244
"1987","Golden State Warriors",20,62,0.244
"2020","Houston Rockets",17,55,0.236
"2010","Cleveland Cavaliers",19,63,0.232
"2018","Cleveland Cavaliers",19,63,0.232
"1989","Charlotte Hornets",19,63,0.232
"1992","Minnesota Timberwolves",19,63,0.232
"1997","Vancouver Grizzlies",19,63,0.232
"1999","Golden State Warriors",19,63,0.232
"1987","New Jersey Nets",19,63,0.232
"2013","Philadelphia 76ers",19,63,0.232
"2000","Washington Wizards",19,63,0.232
"2018","Phoenix Suns",19,63,0.232
"2008","Los Angeles Clippers",19,63,0.232
"2008","Washington Wizards",19,63,0.232
"1997","Golden State Warriors",19,63,0.232
"2019","Golden State Warriors",15,50,0.231
"1952","Baltimore Bullets",16,54,0.229
"1953","Baltimore Bullets",16,55,0.225
"1989","Miami Heat",18,64,0.22
"1971","Portland Trail Blazers",18,64,0.22
"2004","Charlotte Bobcats",18,64,0.22
"2014","Philadelphia 76ers",18,64,0.22
"2004","New Orleans Hornets",18,64,0.22
"1989","Orlando Magic",18,64,0.22
"1995","Philadelphia 76ers",18,64,0.22
"1964","San Francisco Warriors",17,63,0.213
"2010","Minnesota Timberwolves",17,65,0.207
"2002","Cleveland Cavaliers",17,65,0.207
"2008","Sacramento Kings",17,65,0.207
"2000","Golden State Warriors",17,65,0.207
"2015","Los Angeles Lakers",17,65,0.207
"1981","San Diego Clippers",17,65,0.207
"1997","Los Angeles Clippers",17,65,0.207
"1987","Los Angeles Clippers",17,65,0.207
"2022","Detroit Pistons",17,65,0.207
"2018","New York Knicks",17,65,0.207
"1999","Chicago Bulls",17,65,0.207
"1989","New Jersey Nets",17,65,0.207
"2002","Denver Nuggets",17,65,0.207
"2014","New York Knicks",17,65,0.207
"1994","Los Angeles Clippers",17,65,0.207
"1948","Providence Steamrollers",12,48,0.2
"1968","Phoenix Suns",16,66,0.195
"2014","Minnesota Timberwolves",16,66,0.195
"1997","Toronto Raptors",16,66,0.195
"1979","Detroit Pistons",16,66,0.195
"1988","Miami Heat",15,67,0.183
"1996","Boston Celtics",15,67,0.183
"2013","Milwaukee Bucks",15,67,0.183
"1999","Los Angeles Clippers",15,67,0.183
"1991","Minnesota Timberwolves",15,67,0.183
"1995","Vancouver Grizzlies",15,67,0.183
"2000","Chicago Bulls",15,67,0.183
"1980","Dallas Mavericks",15,67,0.183
"2007","Miami Heat",15,67,0.183
"2009","Minnesota Timberwolves",15,67,0.183
"1967","San Diego Rockets",15,67,0.183
"1981","Cleveland Cavaliers",15,67,0.183
"1998","Los Angeles Clippers",9,41,0.18
"1949","Denver Nuggets",11,51,0.177
"1952","Philadelphia Warriors",12,57,0.174
"1996","Vancouver Grizzlies",14,68,0.171
"1982","Houston Rockets",14,68,0.171
"1998","Vancouver Grizzlies",8,42,0.16
"2004","Atlanta Hawks",13,69,0.159
"1993","Dallas Mavericks",13,69,0.159
"1986","Los Angeles Clippers",12,70,0.146
"2009","New Jersey Nets",12,70,0.146
"1997","Denver Nuggets",11,71,0.134
"1992","Dallas Mavericks",11,71,0.134
"1947","Providence Steamrollers",6,42,0.125
"2015","Philadelphia 76ers",10,72,0.122
"1972","Philadelphia 76ers",9,73,0.11
"2011","Charlotte Bobcats",7,59,0.106
