"SEASON","TEAM_NAME","WINS","WINS_PREV_SEASON","WINS_INCREASE"
2007,"Boston Celtics",66,24,42
1997,"San Antonio Spurs",56,20,36
1999,"Los Angeles Lakers",67,31,36
1989,"San Antonio Spurs",56,21,35
2004,"Phoenix Suns",62,29,33
1979,"Boston Celtics",61,29,32
1969,"Milwaukee Bucks",56,27,29
2008,"Miami Heat",43,15,28
1988,"Phoenix Suns",55,28,27
2009,"Oklahoma City Thunder",50,23,27
2003,"Denver Nuggets",43,17,26
1999,"Phoenix Suns",53,27,26
2001,"New Jersey Nets",52,26,26
2014,"Milwaukee Bucks",41,15,26
1999,"Minnesota Timberwolves",50,25,25
1995,"Chicago Bulls",72,47,25
2004,"Chicago Bulls",47,23,24
1991,"Cleveland Cavaliers",57,33,24
1999,"Portland Trail Blazers",59,35,24
2017,"Philadelphia 76ers",52,28,24
2020,"Golden State Warriors",39,15,24
1999,"Charlotte Hornets",49,26,23
1994,"Dallas Mavericks",36,13,23
1988,"Golden State Warriors",43,20,23
1969,"Phoenix Suns",39,16,23
2021,"Minnesota Timberwolves",46,23,23
1999,"New York Knicks",50,27,23
1999,"Indiana Pacers",56,33,23
2014,"Atlanta Hawks",60,38,22
2021,"Cleveland Cavaliers",44,22,22
1999,"Toronto Raptors",45,23,22
1968,"San Diego Rockets",37,15,22
2003,"Memphis Grizzlies",50,28,22
2020,"Atlanta Hawks",41,20,21
1968,"Baltimore Bullets",57,36,21
1997,"Boston Celtics",36,15,21
1973,"Buffalo Braves",42,21,21
2021,"Toronto Raptors",48,27,21
2008,"Cleveland Cavaliers",66,45,21
1999,"Dallas Mavericks",40,19,21
1999,"Denver Nuggets",35,14,21
1999,"Philadelphia 76ers",49,28,21
2010,"Chicago Bulls",62,41,21
2014,"Cleveland Cavaliers",53,33,20
1981,"New Jersey Nets",44,24,20
2020,"New York Knicks",41,21,20
2004,"Washington Wizards",45,25,20
1989,"Portland Trail Blazers",59,39,20
1999,"Seattle SuperSonics",45,25,20
2006,"Toronto Raptors",47,27,20
1992,"Orlando Magic",41,21,20
1949,"Ft. Wayne Zollner Pistons",41,22,19
1978,"Houston Rockets",47,28,19
1999,"Miami Heat",52,33,19
1997,"Indiana Pacers",58,39,19
1996,"Miami Heat",61,42,19
1984,"Houston Rockets",48,29,19
2003,"Cleveland Cavaliers",35,17,18
1981,"Detroit Pistons",39,21,18
1995,"Detroit Pistons",46,28,18
2001,"Detroit Pistons",50,32,18
2006,"Houston Rockets",52,34,18
2021,"Memphis Grizzlies",56,38,18
2001,"Washington Wizards",37,19,18
2022,"Sacramento Kings",48,30,18
1965,"San Francisco Warriors",35,17,18
1981,"Seattle SuperSonics",52,34,18
1999,"Utah Jazz",55,37,18
1995,"Washington Bullets",39,21,18
2016,"Philadelphia 76ers",28,10,18
1950,"Boston Celtics",39,22,17
1987,"Denver Nuggets",54,37,17
2002,"Golden State Warriors",38,21,17
1978,"Kansas City Kings",48,31,17
2003,"Miami Heat",42,25,17
2004,"Miami Heat",59,42,17
1963,"San Francisco Warriors",48,31,17
2018,"Orlando Magic",42,25,17
1953,"Philadelphia Warriors",29,12,17
1959,"Philadelphia Warriors",49,32,17
2020,"Phoenix Suns",51,34,17
1999,"Sacramento Kings",44,27,17
1997,"New Jersey Nets",43,26,17
1985,"Atlanta Hawks",50,34,16
1999,"Boston Celtics",35,19,16
1993,"Golden State Warriors",50,34,16
2014,"Golden State Warriors",67,51,16
2000,"Los Angeles Clippers",31,15,16
1999,"San Antonio Spurs",53,37,16
2018,"Milwaukee Bucks",60,44,16
2017,"Minnesota Timberwolves",47,31,16
2022,"Oklahoma City Thunder",40,24,16
1973,"Philadelphia 76ers",25,9,16
1997,"Phoenix Suns",56,40,16
2009,"Memphis Grizzlies",40,24,16
2014,"Boston Celtics",40,25,15
2005,"Utah Jazz",41,26,15
2015,"Charlotte Hornets",48,33,15
1980,"Chicago Bulls",45,30,15
2021,"Chicago Bulls",46,31,15
1988,"Cleveland Cavaliers",57,42,15
1980,"Golden State Warriors",39,24,15
1983,"Houston Rockets",29,14,15
2002,"Houston Rockets",43,28,15
1986,"Indiana Pacers",41,26,15
1982,"Kansas City Kings",45,30,15
1994,"Los Angeles Lakers",48,33,15
2007,"Los Angeles Lakers",57,42,15
2019,"Los Angeles Lakers",52,37,15
1999,"New Jersey Nets",31,16,15
2015,"New York Knicks",32,17,15
2004,"Orlando Magic",36,21,15
1965,"Philadelphia 76ers",55,40,15
2019,"Phoenix Suns",34,19,15
2004,"Seattle SuperSonics",52,37,15
1983,"Utah Jazz",45,30,15
2021,"Boston Celtics",51,36,15
1993,"Atlanta Hawks",57,43,14
1999,"Vancouver Grizzlies",22,8,14
2018,"Brooklyn Nets",42,28,14
1984,"Denver Nuggets",52,38,14
1972,"Detroit Pistons",40,26,14
2021,"Golden State Warriors",53,39,14
2016,"Houston Rockets",55,41,14
1989,"Indiana Pacers",42,28,14
1991,"Los Angeles Clippers",45,31,14
1991,"Miami Heat",38,24,14
1994,"Milwaukee Bucks",34,20,14
1999,"Milwaukee Bucks",42,28,14
1958,"Minneapolis Lakers",33,19,14
1996,"Minnesota Timberwolves",40,26,14
1991,"New Jersey Nets",40,26,14
2017,"New Orleans Pelicans",48,34,14
1987,"New York Knicks",38,24,14
1988,"New York Knicks",52,38,14
2010,"Philadelphia 76ers",41,27,14
1950,"Philadelphia Warriors",40,26,14
1972,"Baltimore Bullets",52,38,14
2005,"Atlanta Hawks",26,13,13
2014,"Utah Jazz",38,25,13
2020,"Brooklyn Nets",48,35,13
1992,"Charlotte Hornets",44,31,13
1996,"Charlotte Hornets",54,41,13
1963,"Cincinnati Royals",55,42,13
1981,"Dallas Mavericks",28,15,13
2000,"Dallas Mavericks",53,40,13
1999,"Detroit Pistons",42,29,13
1992,"Houston Rockets",55,42,13
2003,"Indiana Pacers",61,48,13
1979,"Los Angeles Lakers",60,47,13
2021,"Miami Heat",53,40,13
2015,"Minnesota Timberwolves",29,16,13
1978,"New Jersey Nets",37,24,13
2010,"New York Knicks",42,29,13
1990,"Orlando Magic",31,18,13
2021,"Phoenix Suns",64,51,13
2008,"Portland Trail Blazers",54,41,13
2001,"Boston Celtics",49,36,13
1972,"Boston Celtics",68,56,12
2015,"San Antonio Spurs",67,55,12
1973,"Detroit Pistons",52,40,12
1983,"Detroit Pistons",49,37,12
2015,"Detroit Pistons",44,32,12
1986,"Golden State Warriors",42,30,12
1995,"Los Angeles Clippers",29,17,12
2009,"Milwaukee Bucks",46,34,12
2010,"New Jersey Nets",24,12,12
1991,"New York Knicks",51,39,12
2007,"Orlando Magic",52,40,12
2022,"Orlando Magic",34,22,12
1979,"Philadelphia 76ers",59,47,12
1955,"Philadelphia Warriors",45,33,12
2018,"Sacramento Kings",39,27,12
1992,"Denver Nuggets",36,24,12
1981,"Atlanta Hawks",42,31,11
1999,"Washington Wizards",29,18,11
1974,"Cleveland Cavaliers",40,29,11
1987,"Cleveland Cavaliers",42,31,11
1986,"Dallas Mavericks",55,44,11
1991,"Golden State Warriors",55,44,11
1990,"Houston Rockets",52,41,11
2000,"Houston Rockets",45,34,11
1974,"Kansas City-Omaha Kings",44,33,11
2005,"Los Angeles Lakers",45,34,11
2018,"Memphis Grizzlies",33,22,11
2010,"Miami Heat",58,47,11
2015,"Miami Heat",48,37,11
1979,"Milwaukee Bucks",49,38,11
1980,"Milwaukee Bucks",60,49,11
2014,"New Orleans Pelicans",45,34,11
1968,"New York Knicks",54,43,11
1980,"New York Knicks",50,39,11
1982,"New York Knicks",44,33,11
1974,"Portland Trail Blazers",38,27,11
2006,"Portland Trail Blazers",32,21,11
1994,"Sacramento Kings",39,28,11
2000,"Sacramento Kings",55,44,11
1980,"San Antonio Spurs",52,41,11
2010,"San Antonio Spurs",61,50,11
2016,"Utah Jazz",51,40,11
1984,"Chicago Bulls",38,27,11
1972,"Atlanta Hawks",46,36,10
1948,"Washington Capitols",38,28,10
2008,"Atlanta Hawks",47,37,10
1989,"Boston Celtics",52,42,10
2020,"Charlotte Hornets",33,23,10
2021,"Charlotte Hornets",43,33,10
1986,"Chicago Bulls",40,30,10
1987,"Chicago Bulls",50,40,10
1999,"Cleveland Cavaliers",32,22,10
1982,"Dallas Mavericks",38,28,10
2019,"Dallas Mavericks",43,33,10
2021,"Dallas Mavericks",52,42,10
2005,"Detroit Pistons",64,54,10
1995,"Golden State Warriors",36,26,10
2010,"Golden State Warriors",36,26,10
2017,"Houston Rockets",65,55,10
2022,"Indiana Pacers",35,25,10
2005,"Los Angeles Clippers",47,37,10
2009,"Los Angeles Clippers",29,19,10
2022,"Los Angeles Lakers",43,33,10
1995,"Miami Heat",42,32,10
2000,"Milwaukee Bucks",52,42,10
2005,"Milwaukee Bucks",40,30,10
1952,"Milwaukee Hawks",27,17,10
1952,"New York Knicks",47,37,10
1996,"New York Knicks",57,47,10
2006,"New York Knicks",33,23,10
2022,"New York Knicks",47,37,10
2015,"Oklahoma City Thunder",55,45,10
2015,"Orlando Magic",35,25,10
1988,"Philadelphia 76ers",46,36,10
2004,"Philadelphia 76ers",43,33,10
1973,"Seattle SuperSonics",36,26,10
1959,"Syracuse Nationals",45,35,10
2006,"Utah Jazz",51,41,10
1978,"Washington Bullets",54,44,10
1996,"Atlanta Hawks",56,46,10
2004,"Boston Celtics",45,36,9
2020,"Washington Wizards",34,25,9
1994,"Charlotte Hornets",50,41,9
2002,"Chicago Bulls",30,21,9
2020,"Chicago Bulls",31,22,9
1972,"Cleveland Cavaliers",32,23,9
1989,"Dallas Mavericks",47,38,9
2018,"Dallas Mavericks",33,24,9
1981,"Denver Nuggets",46,37,9
1988,"Detroit Pistons",63,54,9
1974,"Houston Rockets",41,32,9
1996,"Houston Rockets",57,48,9
1989,"Los Angeles Clippers",30,21,9
2004,"Los Angeles Clippers",37,28,9
2016,"Los Angeles Lakers",26,17,9
2017,"Los Angeles Lakers",35,26,9
1984,"Milwaukee Bucks",59,50,9
2016,"Milwaukee Bucks",42,33,9
2011,"Minnesota Timberwolves",26,17,9
1990,"New Jersey Nets",26,17,9
2010,"New Orleans Hornets",46,37,9
1964,"New York Knicks",31,22,9
1972,"New York Knicks",57,48,9
1992,"New York Knicks",60,51,9
2008,"New York Knicks",32,23,9
1993,"Orlando Magic",50,41,9
1974,"Philadelphia 76ers",34,25,9
1997,"Philadelphia 76ers",31,22,9
1992,"Phoenix Suns",62,53,9
1986,"Portland Trail Blazers",49,40,9
2007,"Portland Trail Blazers",41,32,9
1996,"Toronto Raptors",30,21,9
2003,"Toronto Raptors",33,24,9
1996,"Utah Jazz",64,55,9
2009,"Charlotte Bobcats",44,35,9
2001,"Atlanta Hawks",33,25,8
2016,"Washington Wizards",49,41,8
2017,"Brooklyn Nets",28,20,8
2005,"Charlotte Bobcats",26,18,8
1989,"Chicago Bulls",55,47,8
2006,"Chicago Bulls",49,41,8
2008,"Chicago Bulls",41,33,8
1948,"Chicago Stags",38,30,8
1982,"Cleveland Cavaliers",23,15,8
1984,"Cleveland Cavaliers",36,28,8
2005,"Cleveland Cavaliers",50,42,8
2018,"Denver Nuggets",54,46,8
1964,"Detroit Pistons",31,23,8
1994,"Detroit Pistons",28,20,8
1996,"Detroit Pistons",54,46,8
1985,"Golden State Warriors",30,22,8
2006,"Golden State Warriors",42,34,8
2001,"Los Angeles Clippers",39,31,8
2011,"Los Angeles Clippers",40,32,8
1984,"Los Angeles Lakers",62,54,8
2008,"Los Angeles Lakers",65,57,8
1996,"Milwaukee Bucks",33,25,8
2008,"Milwaukee Bucks",34,26,8
1949,"Minneapolis Lakers",52,44,8
1952,"Minneapolis Lakers",48,40,8
1949,"New York Knicks",40,32,8
1979,"New York Knicks",39,31,8
1999,"Orlando Magic",41,33,8
2002,"Phoenix Suns",44,36,8
2009,"Phoenix Suns",54,46,8
2017,"Portland Trail Blazers",49,41,8
2009,"Sacramento Kings",25,17,8
1982,"San Diego Clippers",25,17,8
1986,"Seattle SuperSonics",39,31,8
1992,"Seattle SuperSonics",55,47,8
1993,"Seattle SuperSonics",63,55,8
1958,"St. Louis Hawks",49,41,8
1951,"Syracuse Nationals",40,32,8
2017,"Toronto Raptors",59,51,8
2020,"Utah Jazz",52,44,8
2015,"Boston Celtics",48,40,8
1986,"Atlanta Hawks",57,50,7
2009,"Washington Wizards",26,19,7
1952,"Boston Celtics",46,39,7
1959,"Boston Celtics",59,52,7
1974,"Buffalo Braves",49,42,7
2006,"Charlotte Bobcats",33,26,7
1990,"Charlotte Hornets",26,19,7
1979,"Cleveland Cavaliers",37,30,7
2004,"Cleveland Cavaliers",42,35,7
2022,"Cleveland Cavaliers",51,44,7
2006,"Dallas Mavericks",67,60,7
1980,"Denver Nuggets",37,30,7
2016,"Denver Nuggets",40,33,7
1952,"Ft. Wayne Zollner Pistons",36,29,7
1983,"Golden State Warriors",37,30,7
1990,"Golden State Warriors",44,37,7
1978,"Indiana Pacers",38,31,7
1980,"Indiana Pacers",44,37,7
2015,"Indiana Pacers",45,38,7
1996,"Los Angeles Clippers",36,29,7
1964,"Los Angeles Lakers",49,42,7
1988,"Milwaukee Bucks",49,42,7
2022,"Milwaukee Bucks",58,51,7
1990,"Minnesota Timberwolves",29,22,7
2003,"Minnesota Timberwolves",58,51,7
1988,"New Jersey Nets",26,19,7
2005,"New Jersey Nets",49,42,7
2002,"New York Knicks",37,30,7
1994,"Orlando Magic",57,50,7
2008,"Orlando Magic",59,52,7
1982,"Philadelphia 76ers",65,58,7
1989,"Philadelphia 76ers",53,46,7
2000,"Philadelphia 76ers",56,49,7
1982,"Phoenix Suns",53,46,7
2006,"Phoenix Suns",61,54,7
1980,"Portland Trail Blazers",45,38,7
2020,"Portland Trail Blazers",42,35,7
1994,"San Antonio Spurs",62,55,7
1968,"Seattle SuperSonics",30,23,7
1974,"Seattle SuperSonics",43,36,7
1995,"Seattle SuperSonics",64,57,7
1952,"Syracuse Nationals",47,40,7
1998,"Toronto Raptors",23,16,7
2009,"Toronto Raptors",40,33,7
2015,"Toronto Raptors",56,49,7
1994,"Utah Jazz",60,53,7
2007,"Atlanta Hawks",37,30,7
2009,"Atlanta Hawks",53,47,6
1993,"Utah Jazz",53,47,6
1983,"Boston Celtics",62,56,6
2010,"Boston Celtics",56,50,6
2022,"Boston Celtics",57,51,6
1969,"Chicago Bulls",39,33,6
1990,"Chicago Bulls",61,55,6
1991,"Chicago Bulls",67,61,6
2001,"Chicago Bulls",21,15,6
2004,"Dallas Mavericks",58,52,6
1993,"Denver Nuggets",42,36,6
2004,"Denver Nuggets",49,43,6
2017,"Denver Nuggets",46,40,6
1986,"Detroit Pistons",52,46,6
2007,"Detroit Pistons",59,53,6
1981,"Golden State Warriors",45,39,6
2007,"Golden State Warriors",48,42,6
2015,"Golden State Warriors",73,67,6
1981,"Houston Rockets",46,40,6
2004,"Houston Rockets",51,45,6
1983,"Indiana Pacers",26,20,6
1993,"Indiana Pacers",47,41,6
2002,"Indiana Pacers",48,42,6
2017,"Indiana Pacers",48,42,6
2018,"LA Clippers",48,42,6
1999,"Los Angeles Clippers",15,9,6
1989,"Los Angeles Lakers",63,57,6
2003,"Los Angeles Lakers",56,50,6
2010,"Memphis Grizzlies",46,40,6
1990,"Miami Heat",24,18,6
1993,"Miami Heat",42,36,6
1954,"Milwaukee Hawks",26,20,6
2022,"New Orleans Pelicans",42,36,6
1948,"New York Knicks",32,26,6
1969,"New York Knicks",60,54,6
1964,"Philadelphia 76ers",40,34,6
1984,"Philadelphia 76ers",58,52,6
2020,"Philadelphia 76ers",49,43,6
1973,"Portland Trail Blazers",27,21,6
2022,"Portland Trail Blazers",33,27,6
1948,"Providence Steamrollers",12,6,6
1949,"Rochester Royals",51,45,6
2001,"Sacramento Kings",61,55,6
1993,"San Antonio Spurs",55,49,6
1969,"Seattle SuperSonics",36,30,6
1991,"Seattle SuperSonics",47,41,6
1964,"Baltimore Bullets",37,31,6
1978,"Atlanta Hawks",46,41,5
1992,"Atlanta Hawks",43,38,5
2018,"Atlanta Hawks",29,24,5
1948,"Boston Celtics",25,20,5
1956,"Boston Celtics",44,39,5
1957,"Boston Celtics",49,44,5
2016,"Boston Celtics",53,48,5
1991,"Charlotte Hornets",31,26,5
1983,"Cleveland Cavaliers",28,23,5
1997,"Cleveland Cavaliers",47,42,5
1983,"Dallas Mavericks",43,38,5
2009,"Dallas Mavericks",55,50,5
2000,"Denver Nuggets",40,35,5
2007,"Denver Nuggets",50,45,5
2022,"Denver Nuggets",53,48,5
1980,"Detroit Pistons",21,16,5
1994,"Indiana Pacers",52,47,5
2010,"Indiana Pacers",37,32,5
2011,"Indiana Pacers",42,37,5
1987,"Los Angeles Clippers",17,12,5
1995,"Los Angeles Lakers",53,48,5
1997,"Los Angeles Lakers",61,56,5
2002,"Memphis Grizzlies",28,23,5
2014,"Memphis Grizzlies",55,50,5
2019,"Miami Heat",44,39,5
2021,"Milwaukee Bucks",51,46,5
1995,"Minnesota Timberwolves",26,21,5
1997,"Minnesota Timberwolves",45,40,5
1982,"New Jersey Nets",49,44,5
2021,"New Orleans Pelicans",36,31,5
1958,"New York Knicks",40,35,5
2010,"Oklahoma City Thunder",55,50,5
2002,"Philadelphia 76ers",48,43,5
2007,"Philadelphia 76ers",40,35,5
1979,"Phoenix Suns",55,50,5
1996,"Portland Trail Blazers",49,44,5
2007,"Sacramento Kings",38,33,5
1982,"San Antonio Spurs",53,48,5
2000,"San Antonio Spurs",58,53,5
1983,"San Diego Clippers",30,25,5
1978,"Seattle SuperSonics",52,47,5
1987,"Seattle SuperSonics",44,39,5
1957,"St. Louis Hawks",41,36,5
1982,"Utah Jazz",30,25,5
2009,"Utah Jazz",53,48,5
1997,"Vancouver Grizzlies",19,14,5
1984,"Washington Bullets",40,35,5
1996,"Washington Bullets",44,39,5
1989,"Utah Jazz",55,51,4
1981,"Washington Bullets",43,39,4
2006,"Orlando Magic",40,36,4
1996,"Philadelphia 76ers",22,18,4
1954,"Philadelphia Warriors",33,29,4
1986,"Phoenix Suns",36,32,4
1982,"Portland Trail Blazers",46,42,4
1987,"Portland Trail Blazers",53,49,4
1990,"Portland Trail Blazers",63,59,4
2018,"Portland Trail Blazers",53,49,4
1991,"Sacramento Kings",29,25,4
2015,"Sacramento Kings",33,29,4
1984,"San Antonio Spurs",41,37,4
2005,"San Antonio Spurs",63,59,4
1979,"Seattle SuperSonics",56,52,4
1997,"Seattle SuperSonics",61,57,4
1980,"Utah Jazz",28,24,4
1988,"Utah Jazz",51,47,4
1987,"Houston Rockets",46,42,4
1985,"Indiana Pacers",26,22,4
1988,"Los Angeles Clippers",21,17,4
2005,"Memphis Grizzlies",49,45,4
2020,"Memphis Grizzlies",38,34,4
2009,"Miami Heat",47,43,4
1990,"Milwaukee Bucks",48,44,4
1992,"Minnesota Timberwolves",19,15,4
2020,"Minnesota Timberwolves",23,19,4
2016,"New Orleans Pelicans",34,30,4
2019,"New York Knicks",21,17,4
1979,"Atlanta Hawks",50,46,4
1995,"Atlanta Hawks",46,42,4
2006,"Atlanta Hawks",30,26,4
1974,"Boston Celtics",60,56,4
1985,"Boston Celtics",67,63,4
1990,"Boston Celtics",56,52,4
1968,"Chicago Bulls",33,29,4
1999,"Chicago Bulls",17,13,4
1995,"Cleveland Cavaliers",47,43,4
2015,"Cleveland Cavaliers",57,53,4
2001,"Dallas Mavericks",57,53,4
1991,"Denver Nuggets",24,20,4
2008,"Denver Nuggets",54,50,4
2003,"Detroit Pistons",54,50,4
1953,"Ft. Wayne Zollner Pistons",40,36,4
1974,"Golden State Warriors",48,44,4
2001,"Golden State Warriors",21,17,4
2002,"Utah Jazz",47,44,3
1954,"Ft. Wayne Zollner Pistons",43,40,3
1986,"Washington Bullets",42,39,3
1995,"Orlando Magic",60,57,3
1980,"Philadelphia 76ers",62,59,3
2022,"Philadelphia 76ers",54,51,3
1994,"Phoenix Suns",59,56,3
1972,"Portland Trail Blazers",21,18,3
1952,"Rochester Royals",44,41,3
1988,"Sacramento Kings",27,24,3
1993,"Sacramento Kings",28,25,3
1987,"San Antonio Spurs",31,28,3
1988,"Seattle SuperSonics",47,44,3
1956,"St. Louis Hawks",36,33,3
1957,"Syracuse Nationals",41,38,3
1987,"Utah Jazz",47,44,3
1985,"Houston Rockets",51,48,3
1993,"Houston Rockets",58,55,3
1999,"Houston Rockets",34,31,3
2007,"Houston Rockets",55,52,3
2021,"Houston Rockets",20,17,3
1951,"Indianapolis Olympians",34,31,3
2010,"Los Angeles Clippers",32,29,3
1968,"Los Angeles Lakers",55,52,3
1981,"Los Angeles Lakers",57,54,3
1986,"Los Angeles Lakers",65,62,3
1996,"Los Angeles Lakers",56,53,3
1989,"Miami Heat",18,15,3
2017,"Miami Heat",44,41,3
1997,"Milwaukee Bucks",36,33,3
2001,"Minnesota Timberwolves",50,47,3
1992,"New Jersey Nets",43,40,3
1983,"New York Knicks",47,44,3
1955,"Boston Celtics",39,36,3
1958,"Boston Celtics",52,49,3
1964,"Boston Celtics",62,59,3
1994,"Boston Celtics",35,32,3
2008,"Charlotte Bobcats",35,32,3
2018,"Charlotte Hornets",39,36,3
1973,"Chicago Bulls",54,51,3
2020,"Cleveland Cavaliers",22,19,3
2002,"Dallas Mavericks",60,57,3
1998,"Denver Nuggets",14,11,3
2015,"Denver Nuggets",33,30,3
2010,"Detroit Pistons",30,27,3
2014,"Detroit Pistons",32,29,3
2021,"Detroit Pistons",23,20,3
2007,"Utah Jazz",54,51,3
2015,"Utah Jazz",40,38,2
1998,"Golden State Warriors",21,19,2
1988,"Washington Bullets",40,38,2
1993,"Washington Bullets",24,22,2
2007,"Washington Wizards",43,41,2
2014,"Washington Wizards",46,44,2
2021,"Oklahoma City Thunder",24,22,2
2000,"Orlando Magic",43,41,2
2014,"Orlando Magic",25,23,2
2021,"Philadelphia 76ers",51,49,2
1974,"Phoenix Suns",32,30,2
1980,"Phoenix Suns",57,55,2
1983,"Portland Trail Blazers",48,46,2
1955,"Rochester Royals",31,29,2
1990,"Sacramento Kings",25,23,2
1992,"San Antonio Spurs",49,47,2
2002,"San Antonio Spurs",60,58,2
2004,"San Antonio Spurs",59,57,2
1956,"Syracuse Nationals",38,36,2
2000,"Toronto Raptors",47,45,2
1986,"Utah Jazz",44,42,2
2003,"Houston Rockets",45,43,2
2014,"Houston Rockets",56,54,2
2022,"Houston Rockets",22,20,2
2022,"LA Clippers",44,42,2
1978,"Los Angeles Lakers",47,45,2
2001,"Los Angeles Lakers",58,56,2
2018,"Los Angeles Lakers",37,35,2
2008,"Memphis Grizzlies",24,22,2
2017,"Milwaukee Bucks",44,42,2
2008,"Minnesota Timberwolves",24,22,2
2010,"Minnesota Timberwolves",17,15,2
2016,"Minnesota Timberwolves",31,29,2
1993,"New Jersey Nets",45,43,2
2003,"New York Knicks",39,37,2
1988,"Atlanta Hawks",52,50,2
1990,"Atlanta Hawks",43,41,2
2002,"Atlanta Hawks",35,33,2
2021,"Atlanta Hawks",43,41,2
2017,"Boston Celtics",55,53,2
2014,"Chicago Bulls",50,48,2
1949,"Chicago Stags",40,38,2
1968,"Cincinnati Royals",41,39,2
1986,"Cleveland Cavaliers",31,29,2
2011,"Cleveland Cavaliers",21,19,2
1993,"Dallas Mavericks",13,11,2
2005,"Dallas Mavericks",60,58,2
2010,"Dallas Mavericks",57,55,2
1959,"Detroit Pistons",30,28,2
1987,"Detroit Pistons",54,52,2
2017,"Detroit Pistons",39,37,2
2018,"Detroit Pistons",41,39,2
2018,"Utah Jazz",50,48,2
1991,"Utah Jazz",55,54,1
2021,"Denver Nuggets",48,47,1
2021,"Washington Wizards",35,34,1
2017,"Oklahoma City Thunder",48,47,1
2018,"Oklahoma City Thunder",49,48,1
2001,"Orlando Magic",44,43,1
2021,"Orlando Magic",22,21,1
2008,"Philadelphia 76ers",41,40,1
1948,"Philadelphia Warriors",28,27,1
1978,"Phoenix Suns",50,49,1
1990,"Phoenix Suns",55,54,1
2016,"Phoenix Suns",24,23,1
2002,"Portland Trail Blazers",50,49,1
2014,"Sacramento Kings",29,28,1
2018,"San Antonio Spurs",48,47,1
2020,"San Antonio Spurs",33,32,1
2021,"San Antonio Spurs",34,33,1
1980,"San Diego Clippers",36,35,1
2001,"Seattle SuperSonics",45,44,1
1954,"Syracuse Nationals",43,42,1
2011,"Toronto Raptors",23,22,1
2014,"Toronto Raptors",49,48,1
1985,"Utah Jazz",42,41,1
1995,"Houston Rockets",48,47,1
2010,"Houston Rockets",43,42,1
1992,"Indiana Pacers",41,40,1
2001,"Indiana Pacers",42,41,1
2007,"Indiana Pacers",36,35,1
2019,"LA Clippers",49,48,1
1985,"Los Angeles Clippers",32,31,1
1990,"Los Angeles Clippers",31,30,1
2003,"Los Angeles Clippers",28,27,1
1982,"Los Angeles Lakers",58,57,1
2016,"Memphis Grizzlies",43,42,1
2019,"Memphis Grizzlies",34,33,1
2002,"Milwaukee Bucks",42,41,1
1993,"Minnesota Timberwolves",20,19,1
1994,"Minnesota Timberwolves",21,20,1
2002,"Minnesota Timberwolves",51,50,1
2020,"New Orleans Pelicans",31,30,1
2006,"New Orleans/Oklahoma City Hornets",39,38,1
1951,"New York Knicks",37,36,1
1956,"New York Knicks",36,35,1
1963,"New York Knicks",22,21,1
1986,"New York Knicks",24,23,1
1982,"Atlanta Hawks",43,42,1
1948,"Baltimore Bullets",29,28,1
1965,"Baltimore Bullets",38,37,1
1963,"Boston Celtics",59,58,1
1980,"Boston Celtics",62,61,1
1981,"Boston Celtics",63,62,1
1984,"Boston Celtics",63,62,1
2000,"Boston Celtics",36,35,1
2022,"Brooklyn Nets",45,44,1
1984,"Dallas Mavericks",44,43,1
2014,"Dallas Mavericks",50,49,1
2006,"Denver Nuggets",45,44,1
2020,"Denver Nuggets",47,46,1
2000,"Vancouver Grizzlies",23,22,1
1969,"Atlanta Hawks",48,48,0
2022,"Washington Wizards",35,35,0
1951,"Boston Celtics",39,39,0
2017,"Charlotte Hornets",36,36,0
2009,"Chicago Bulls",41,41,0
2019,"Chicago Bulls",22,22,0
1959,"Cincinnati Royals",19,19,0
2006,"Cleveland Cavaliers",50,50,0
2019,"Cleveland Cavaliers",19,19,0
1985,"Dallas Mavericks",44,44,0
1985,"Detroit Pistons",46,46,0
2002,"Detroit Pistons",50,50,0
2004,"Detroit Pistons",54,54,0
2020,"Detroit Pistons",20,20,0
2005,"Golden State Warriors",34,34,0
1995,"Indiana Pacers",52,52,0
2008,"Indiana Pacers",36,36,0
2018,"Indiana Pacers",48,48,0
1985,"Los Angeles Lakers",62,62,0
2010,"Los Angeles Lakers",57,57,0
2007,"Memphis Grizzlies",22,22,0
1956,"Minneapolis Lakers",34,34,0
1995,"New Jersey Nets",30,30,0
2008,"New Jersey Nets",34,34,0
2005,"Orlando Magic",36,36,0
2009,"Orlando Magic",59,59,0
1957,"Philadelphia Warriors",37,37,0
1995,"Portland Trail Blazers",44,44,0
1951,"Rochester Royals",41,41,0
1953,"Rochester Royals",44,44,0
1956,"Rochester Royals",31,31,0
1995,"Sacramento Kings",39,39,0
1998,"Sacramento Kings",27,27,0
2020,"Sacramento Kings",31,31,0
2001,"San Antonio Spurs",58,58,0
1985,"Seattle SuperSonics",31,31,0
1990,"Seattle SuperSonics",41,41,0
1948,"St. Louis Bombers",29,29,0
2004,"Toronto Raptors",33,33,0
1980,"Washington Bullets",39,39,0
2002,"Washington Wizards",37,37,0
1953,"Baltimore Bullets",16,16,0
1996,"Vancouver Grizzlies",14,15,-1
2007,"Charlotte Bobcats",32,33,-1
1985,"Washington Bullets",39,40,-1
1990,"Washington Bullets",30,31,-1
2006,"Washington Wizards",41,42,-1
2000,"Seattle SuperSonics",44,45,-1
1964,"St. Louis Hawks",45,46,-1
2018,"Toronto Raptors",58,59,-1
1990,"Utah Jazz",54,55,-1
2001,"Portland Trail Blazers",49,50,-1
2010,"Sacramento Kings",24,25,-1
2016,"Sacramento Kings",32,33,-1
2021,"Sacramento Kings",30,31,-1
1990,"San Antonio Spurs",55,56,-1
1993,"Philadelphia 76ers",25,26,-1
1994,"Philadelphia 76ers",24,25,-1
2014,"Philadelphia 76ers",18,19,-1
2018,"Philadelphia 76ers",51,52,-1
1989,"Phoenix Suns",54,55,-1
1996,"Phoenix Suns",40,41,-1
1957,"New York Knicks",35,36,-1
1965,"New York Knicks",30,31,-1
1985,"New York Knicks",23,24,-1
2016,"New York Knicks",31,32,-1
1973,"Milwaukee Bucks",59,60,-1
1983,"Milwaukee Bucks",50,51,-1
2003,"Milwaukee Bucks",41,42,-1
2006,"Minnesota Timberwolves",32,33,-1
1979,"Kansas City Kings",47,48,-1
2014,"Los Angeles Clippers",56,57,-1
2003,"Golden State Warriors",37,38,-1
2018,"Golden State Warriors",57,58,-1
1972,"Houston Rockets",33,34,-1
1973,"Houston Rockets",32,33,-1
1980,"Houston Rockets",40,41,-1
1988,"Houston Rockets",45,46,-1
1979,"Indiana Pacers",37,38,-1
1990,"Indiana Pacers",41,42,-1
1991,"Indiana Pacers",40,41,-1
1998,"Dallas Mavericks",19,20,-1
2008,"Dallas Mavericks",50,51,-1
2020,"Dallas Mavericks",42,43,-1
1978,"Denver Nuggets",47,48,-1
1982,"Denver Nuggets",45,46,-1
1989,"Denver Nuggets",43,44,-1
1994,"Denver Nuggets",41,42,-1
2009,"Denver Nuggets",53,54,-1
1969,"Detroit Pistons",31,32,-1
1989,"Charlotte Hornets",19,20,-1
1979,"Chicago Bulls",30,31,-1
1983,"Chicago Bulls",27,28,-1
2016,"Chicago Bulls",41,42,-1
2001,"Cleveland Cavaliers",29,30,-1
2017,"Cleveland Cavaliers",50,51,-1
1950,"Baltimore Bullets",24,25,-1
2019,"Boston Celtics",48,49,-1
2016,"Brooklyn Nets",20,21,-1
1972,"Buffalo Braves",21,22,-1
1982,"Washington Bullets",42,43,-1
1968,"San Francisco Warriors",41,43,-2
1995,"Boston Celtics",33,35,-2
1997,"Utah Jazz",62,64,-2
2000,"Utah Jazz",53,55,-2
1985,"Portland Trail Blazers",40,42,-2
2010,"Portland Trail Blazers",48,50,-2
2002,"Sacramento Kings",59,61,-2
2011,"Sacramento Kings",22,24,-2
2007,"San Antonio Spurs",56,58,-2
2008,"San Antonio Spurs",54,56,-2
1949,"Philadelphia Warriors",26,28,-2
1991,"Phoenix Suns",53,55,-2
2000,"Phoenix Suns",51,53,-2
2018,"Phoenix Suns",19,21,-2
2003,"New Jersey Nets",47,49,-2
2011,"New Jersey Nets",22,24,-2
1994,"New York Knicks",55,57,-2
2000,"New York Knicks",48,50,-2
2017,"New York Knicks",29,31,-2
2002,"Orlando Magic",42,44,-2
1985,"Milwaukee Bucks",57,59,-2
2007,"Milwaukee Bucks",26,28,-2
1953,"Minneapolis Lakers",46,48,-2
2016,"LA Clippers",51,53,-2
2020,"LA Clippers",47,49,-2
1992,"Miami Heat",36,38,-2
2000,"Miami Heat",50,52,-2
1999,"Golden State Warriors",19,21,-2
2000,"Golden State Warriors",17,19,-2
2008,"Houston Rockets",53,55,-2
1996,"Dallas Mavericks",24,26,-2
1982,"Detroit Pistons",37,39,-2
1991,"Detroit Pistons",48,50,-2
2001,"Charlotte Hornets",44,46,-2
1993,"Chicago Bulls",55,57,-2
2000,"Chicago Bulls",15,17,-2
2000,"Cleveland Cavaliers",30,32,-2
1987,"Dallas Mavericks",53,55,-2
2022,"Atlanta Hawks",41,43,-2
1947,"Boston Celtics",20,22,-2
1987,"Boston Celtics",57,59,-2
1963,"St. Louis Hawks",46,48,-2
2021,"Utah Jazz",49,52,-3
1992,"Boston Celtics",48,51,-3
1994,"Washington Bullets",21,24,-3
2005,"Washington Wizards",42,45,-3
2010,"Washington Wizards",23,26,-3
2011,"Washington Wizards",20,23,-3
2003,"Seattle SuperSonics",37,40,-3
1949,"St. Louis Bombers",26,29,-3
1959,"St. Louis Hawks",46,49,-3
1981,"Utah Jazz",25,28,-3
2011,"Utah Jazz",36,39,-3
2017,"Utah Jazz",48,51,-3
1981,"Portland Trail Blazers",42,45,-3
1994,"Portland Trail Blazers",44,47,-3
1997,"Portland Trail Blazers",46,49,-3
2014,"Portland Trail Blazers",51,54,-3
2016,"Portland Trail Blazers",41,44,-3
1995,"San Antonio Spurs",59,62,-3
2003,"San Antonio Spurs",57,60,-3
1998,"Philadelphia 76ers",28,31,-3
2006,"Philadelphia 76ers",35,38,-3
2017,"Phoenix Suns",21,24,-3
2002,"New Jersey Nets",49,52,-3
2019,"New Orleans Pelicans",30,33,-3
1953,"New York Knicks",44,47,-3
1955,"New York Knicks",35,38,-3
1993,"New York Knicks",57,60,-3
2009,"New York Knicks",29,32,-3
1972,"Milwaukee Bucks",60,63,-3
1992,"Milwaukee Bucks",28,31,-3
2000,"Minnesota Timberwolves",47,50,-3
1979,"New Jersey Nets",34,37,-3
1984,"New Jersey Nets",42,45,-3
1985,"New Jersey Nets",39,42,-3
2019,"Indiana Pacers",45,48,-3
1973,"Kansas City-Omaha Kings",33,36,-3
1987,"Los Angeles Lakers",62,65,-3
2006,"Los Angeles Lakers",42,45,-3
1956,"Ft. Wayne Zollner Pistons",34,37,-3
1973,"Golden State Warriors",44,47,-3
2004,"Golden State Warriors",34,37,-3
2009,"Golden State Warriors",26,29,-3
1987,"Indiana Pacers",38,41,-3
2005,"Indiana Pacers",41,44,-3
2016,"Indiana Pacers",42,45,-3
2010,"Denver Nuggets",50,53,-3
1984,"Detroit Pistons",46,49,-3
1951,"Ft. Wayne Zollner Pistons",29,32,-3
1993,"Charlotte Hornets",41,44,-3
1997,"Charlotte Hornets",51,54,-3
2000,"Charlotte Hornets",46,49,-3
1988,"Chicago Bulls",47,50,-3
1996,"Chicago Bulls",69,72,-3
1965,"Cincinnati Royals",45,48,-3
1973,"Cleveland Cavaliers",29,32,-3
1992,"Cleveland Cavaliers",54,57,-3
1983,"Atlanta Hawks",40,43,-3
1999,"Atlanta Hawks",28,31,-3
2000,"Atlanta Hawks",25,28,-3
1949,"Boston Celtics",22,25,-3
1978,"Boston Celtics",29,32,-3
1992,"Washington Bullets",22,25,-3
1987,"Washington Bullets",38,42,-4
2021,"Brooklyn Nets",44,48,-4
2006,"Seattle SuperSonics",31,35,-4
1950,"Tri-Cities Blackhawks",25,29,-4
1984,"Utah Jazz",41,45,-4
1993,"Portland Trail Blazers",47,51,-4
2009,"Portland Trail Blazers",50,54,-4
1989,"Sacramento Kings",23,27,-4
1992,"Sacramento Kings",25,29,-4
2003,"Sacramento Kings",55,59,-4
1978,"San Antonio Spurs",48,52,-4
1981,"San Antonio Spurs",48,52,-4
2009,"San Antonio Spurs",50,54,-4
2017,"Orlando Magic",25,29,-4
1981,"Philadelphia 76ers",58,62,-4
1985,"Philadelphia 76ers",54,58,-4
1985,"Phoenix Suns",32,36,-4
1996,"New Jersey Nets",26,30,-4
1950,"New York Knicks",36,40,-4
2021,"New York Knicks",37,41,-4
1997,"Orlando Magic",41,45,-4
2020,"Miami Heat",40,44,-4
1982,"Milwaukee Bucks",51,55,-4
2011,"Milwaukee Bucks",31,35,-4
2019,"Milwaukee Bucks",56,60,-4
1951,"Minneapolis Lakers",40,44,-4
2022,"Minnesota Timberwolves",42,46,-4
1983,"New Jersey Nets",45,49,-4
1992,"Los Angeles Clippers",41,45,-4
2008,"Los Angeles Clippers",19,23,-4
1965,"Los Angeles Lakers",45,49,-4
1983,"Los Angeles Lakers",54,58,-4
1992,"Los Angeles Lakers",39,43,-4
2015,"Los Angeles Lakers",17,21,-4
1972,"Golden State Warriors",47,51,-4
1989,"Houston Rockets",41,45,-4
1984,"Indiana Pacers",22,26,-4
2009,"Indiana Pacers",32,36,-4
1997,"Dallas Mavericks",20,24,-4
1989,"Detroit Pistons",59,63,-4
1994,"Cleveland Cavaliers",43,47,-4
1974,"Atlanta Hawks",31,35,-4
2011,"Atlanta Hawks",40,44,-4
1949,"Baltimore Bullets",25,29,-4
1951,"Baltimore Bullets",20,24,-4
1952,"Baltimore Bullets",16,20,-4
1953,"Boston Celtics",42,46,-4
2008,"Boston Celtics",62,66,-4
1982,"Seattle SuperSonics",48,52,-4
1991,"Washington Bullets",25,30,-5
2015,"Washington Wizards",41,46,-5
2002,"Seattle SuperSonics",40,45,-5
1953,"Syracuse Nationals",42,47,-5
2001,"Toronto Raptors",42,47,-5
2016,"Toronto Raptors",51,56,-5
2019,"Toronto Raptors",53,58,-5
1995,"Utah Jazz",55,60,-5
2003,"Utah Jazz",42,47,-5
1987,"Sacramento Kings",24,29,-5
1996,"Sacramento Kings",34,39,-5
2004,"Sacramento Kings",50,55,-5
2017,"Sacramento Kings",27,32,-5
2006,"San Antonio Spurs",58,63,-5
2005,"Philadelphia 76ers",38,43,-5
1958,"Philadelphia Warriors",32,37,-5
1984,"Phoenix Suns",36,41,-5
2000,"New Jersey Nets",26,31,-5
2004,"New Jersey Nets",42,47,-5
2019,"Oklahoma City Thunder",44,49,-5
2018,"Miami Heat",39,44,-5
1981,"Milwaukee Bucks",55,60,-5
1989,"Milwaukee Bucks",44,49,-5
1987,"New Jersey Nets",19,24,-5
2021,"LA Clippers",42,47,-5
1988,"Los Angeles Lakers",57,62,-5
1990,"Los Angeles Lakers",58,63,-5
2004,"Memphis Grizzlies",45,50,-5
2011,"Memphis Grizzlies",41,46,-5
2022,"Memphis Grizzlies",51,56,-5
1978,"Golden State Warriors",38,43,-5
1985,"Denver Nuggets",47,52,-5
2005,"Denver Nuggets",44,49,-5
1958,"Detroit Pistons",28,33,-5
2011,"Detroit Pistons",25,30,-5
2018,"Chicago Bulls",22,27,-5
1969,"Cincinnati Royals",36,41,-5
1996,"Cleveland Cavaliers",42,47,-5
2007,"Cleveland Cavaliers",45,50,-5
2009,"Cleveland Cavaliers",61,66,-5
1991,"Atlanta Hawks",38,43,-5
2016,"Atlanta Hawks",43,48,-5
1991,"Boston Celtics",51,56,-5
2002,"Boston Celtics",44,49,-5
1949,"Washington Capitols",32,38,-6
2014,"Brooklyn Nets",38,44,-6
2016,"San Antonio Spurs",61,67,-6
1983,"Seattle SuperSonics",42,48,-6
1989,"Seattle SuperSonics",41,47,-6
1994,"Seattle SuperSonics",57,63,-6
1958,"Syracuse Nationals",35,41,-6
2005,"Toronto Raptors",27,33,-6
2007,"Toronto Raptors",41,47,-6
2008,"Utah Jazz",48,54,-6
2019,"Utah Jazz",44,50,-6
1984,"Portland Trail Blazers",42,48,-6
1991,"Portland Trail Blazers",57,63,-6
1992,"Portland Trail Blazers",51,57,-6
2005,"Portland Trail Blazers",21,27,-6
2005,"Sacramento Kings",44,50,-6
1985,"San Antonio Spurs",35,41,-6
2016,"Orlando Magic",29,35,-6
1995,"Philadelphia 76ers",18,24,-6
2011,"Philadelphia 76ers",35,41,-6
1993,"Phoenix Suns",56,62,-6
2007,"Phoenix Suns",55,61,-6
2003,"New Orleans Hornets",41,47,-6
1954,"New York Knicks",38,44,-6
1990,"New York Knicks",39,45,-6
2004,"New York Knicks",33,39,-6
2011,"New York Knicks",36,42,-6
1978,"Milwaukee Bucks",38,44,-6
1954,"Minneapolis Lakers",40,46,-6
1955,"Minneapolis Lakers",34,40,-6
1952,"Indianapolis Olympians",28,34,-6
1980,"Los Angeles Lakers",54,60,-6
1993,"Los Angeles Lakers",33,39,-6
2014,"Los Angeles Lakers",21,27,-6
1997,"Miami Heat",55,61,-6
1955,"Ft. Wayne Zollner Pistons",37,43,-6
1989,"Golden State Warriors",37,43,-6
1996,"Golden State Warriors",30,36,-6
2016,"Golden State Warriors",67,73,-6
1979,"Houston Rockets",41,47,-6
2006,"Indiana Pacers",35,41,-6
1991,"Dallas Mavericks",22,28,-6
1995,"Denver Nuggets",35,41,-6
2014,"Denver Nuggets",30,36,-6
2022,"Detroit Pistons",17,23,-6
1972,"Chicago Bulls",51,57,-6
1982,"Chicago Bulls",28,34,-6
2005,"Chicago Bulls",41,47,-6
2022,"Chicago Bulls",40,46,-6
2016,"Cleveland Cavaliers",51,57,-6
1984,"Atlanta Hawks",34,40,-6
1997,"Atlanta Hawks",50,56,-6
1954,"Boston Celtics",36,42,-6
1968,"Boston Celtics",48,54,-6
2018,"Boston Celtics",49,55,-6
2017,"Washington Wizards",43,49,-6
1983,"Washington Bullets",35,42,-7
2019,"Brooklyn Nets",35,42,-7
1996,"Seattle SuperSonics",57,64,-7
1955,"Syracuse Nationals",36,43,-7
2022,"Toronto Raptors",41,48,-7
1979,"Portland Trail Blazers",38,45,-7
2015,"Portland Trail Blazers",44,51,-7
1997,"Sacramento Kings",27,34,-7
1979,"San Antonio Spurs",41,48,-7
1986,"San Antonio Spurs",28,35,-7
2014,"San Antonio Spurs",55,62,-7
1968,"Philadelphia 76ers",55,62,-7
1951,"Philadelphia Warriors",33,40,-7
2011,"Phoenix Suns",33,40,-7
2007,"New Jersey Nets",34,41,-7
2008,"New Orleans Hornets",49,56,-7
1947,"New York Knicks",26,33,-7
1989,"New York Knicks",45,52,-7
2010,"Orlando Magic",52,59,-7
2005,"Miami Heat",52,59,-7
2016,"Miami Heat",41,48,-7
1986,"Milwaukee Bucks",50,57,-7
1953,"Milwaukee Hawks",20,27,-7
1980,"Kansas City Kings",40,47,-7
1983,"Kansas City Kings",38,45,-7
1984,"Kansas City Kings",31,38,-7
2006,"Los Angeles Clippers",40,47,-7
1983,"Denver Nuggets",38,45,-7
2016,"Detroit Pistons",37,44,-7
1974,"Chicago Bulls",47,54,-7
1997,"Chicago Bulls",62,69,-7
2003,"Chicago Bulls",23,30,-7
1964,"Cincinnati Royals",48,55,-7
1985,"Cleveland Cavaliers",29,36,-7
1993,"Cleveland Cavaliers",47,54,-7
1987,"Atlanta Hawks",50,57,-7
2003,"Atlanta Hawks",28,35,-7
1969,"Baltimore Bullets",50,57,-7
1982,"Boston Celtics",56,63,-7
2019,"Washington Wizards",25,32,-7
1979,"San Diego Clippers",35,43,-8
2003,"Boston Celtics",36,44,-8
1992,"Utah Jazz",47,55,-8
1986,"Sacramento Kings",29,37,-8
2019,"Sacramento Kings",31,39,-8
1991,"San Antonio Spurs",47,55,-8
1978,"Philadelphia 76ers",47,55,-8
2015,"Philadelphia 76ers",10,18,-8
2019,"Philadelphia 76ers",43,51,-8
1947,"Philadelphia Warriors",27,35,-8
1956,"Philadelphia Warriors",37,45,-8
1973,"Phoenix Suns",30,38,-8
1987,"Phoenix Suns",28,36,-8
2005,"Phoenix Suns",54,62,-8
2006,"New Jersey Nets",41,49,-8
1973,"New York Knicks",49,57,-8
1995,"New York Knicks",47,55,-8
2011,"Oklahoma City Thunder",47,55,-8
2016,"Oklahoma City Thunder",47,55,-8
1998,"Orlando Magic",33,41,-8
2006,"Miami Heat",44,52,-8
1987,"Milwaukee Bucks",42,50,-8
1993,"Milwaukee Bucks",20,28,-8
1998,"Milwaukee Bucks",28,36,-8
2015,"Milwaukee Bucks",33,41,-8
1950,"Minneapolis Lakers",44,52,-8
1959,"Minneapolis Lakers",25,33,-8
1950,"Indianapolis Olympians",31,39,-8
1998,"Los Angeles Clippers",9,17,-8
2002,"Los Angeles Lakers",50,58,-8
2009,"Los Angeles Lakers",57,65,-8
2003,"Dallas Mavericks",52,60,-8
2015,"Dallas Mavericks",42,50,-8
2019,"Denver Nuggets",46,54,-8
1968,"Detroit Pistons",32,40,-8
1978,"Detroit Pistons",30,38,-8
1992,"Detroit Pistons",40,48,-8
1998,"Detroit Pistons",29,37,-8
1985,"Chicago Bulls",30,38,-8
1994,"Chicago Bulls",47,55,-8
2015,"Chicago Bulls",42,50,-8
1965,"Boston Celtics",54,62,-8
1986,"Boston Celtics",59,67,-8
2008,"Toronto Raptors",33,41,-8
1989,"Washington Bullets",31,40,-9
2006,"Boston Celtics",24,33,-9
1965,"St. Louis Hawks",36,45,-9
2001,"Utah Jazz",44,53,-9
2000,"Portland Trail Blazers",50,59,-9
2003,"Portland Trail Blazers",41,50,-9
2019,"Orlando Magic",33,42,-9
1986,"Philadelphia 76ers",45,54,-9
1987,"Philadelphia 76ers",36,45,-9
1990,"Philadelphia 76ers",44,53,-9
1991,"Philadelphia 76ers",35,44,-9
1992,"Philadelphia 76ers",26,35,-9
2008,"Phoenix Suns",46,55,-9
2014,"Phoenix Suns",39,48,-9
1974,"New York Knicks",40,49,-9
2022,"Miami Heat",44,53,-9
1995,"Milwaukee Bucks",25,34,-9
2009,"Minnesota Timberwolves",15,24,-9
1989,"New Jersey Nets",17,26,-9
2021,"Indiana Pacers",25,34,-9
2017,"LA Clippers",42,51,-9
1969,"Los Angeles Lakers",46,55,-9
1972,"Los Angeles Lakers",60,69,-9
2021,"Los Angeles Lakers",33,42,-9
2017,"Golden State Warriors",58,67,-9
2022,"Golden State Warriors",44,53,-9
1986,"Houston Rockets",42,51,-9
2011,"Houston Rockets",34,43,-9
2019,"Houston Rockets",44,53,-9
1981,"Indiana Pacers",35,44,-9
2016,"Dallas Mavericks",33,42,-9
2017,"Dallas Mavericks",24,33,-9
1965,"Detroit Pistons",22,31,-9
1990,"Detroit Pistons",50,59,-9
1950,"Ft. Wayne Zollner Pistons",32,41,-9
1995,"Charlotte Hornets",41,50,-9
1978,"Chicago Bulls",31,40,-9
1947,"Chicago Stags",30,39,-9
1980,"Cleveland Cavaliers",28,37,-9
1990,"Cleveland Cavaliers",33,42,-9
2010,"Atlanta Hawks",44,53,-9
2019,"Atlanta Hawks",20,29,-9
1947,"St. Louis Bombers",29,38,-9
2000,"Washington Wizards",19,29,-10
2010,"Charlotte Bobcats",34,44,-10
1950,"Rochester Royals",41,51,-10
1988,"San Antonio Spurs",21,31,-10
2005,"New York Knicks",23,33,-10
2007,"New York Knicks",23,33,-10
1991,"Orlando Magic",21,31,-10
2020,"Milwaukee Bucks",46,56,-10
2007,"Minnesota Timberwolves",22,32,-10
1980,"New Jersey Nets",24,34,-10
1981,"Kansas City Kings",30,40,-10
1994,"Los Angeles Clippers",17,27,-10
2020,"Los Angeles Lakers",42,52,-10
1994,"Miami Heat",32,42,-10
1991,"Houston Rockets",42,52,-10
1998,"Houston Rockets",31,41,-10
1988,"Indiana Pacers",28,38,-10
1995,"Dallas Mavericks",26,36,-10
1986,"Denver Nuggets",37,47,-10
1988,"Denver Nuggets",44,54,-10
1997,"Denver Nuggets",11,21,-10
2002,"Denver Nuggets",17,27,-10
2000,"Detroit Pistons",32,42,-10
1992,"Chicago Bulls",57,67,-10
1969,"San Diego Rockets",27,37,-10
1998,"Vancouver Grizzlies",8,19,-11
1989,"Atlanta Hawks",41,52,-11
1969,"San Francisco Warriors",30,41,-11
1984,"Seattle SuperSonics",31,42,-11
2007,"Seattle SuperSonics",20,31,-11
1998,"Portland Trail Blazers",35,46,-11
2006,"Sacramento Kings",33,44,-11
2011,"San Antonio Spurs",50,61,-11
1972,"Phoenix Suns",38,49,-11
1981,"Phoenix Suns",46,57,-11
2001,"Milwaukee Bucks",41,52,-11
2004,"Milwaukee Bucks",30,41,-11
2010,"Milwaukee Bucks",35,46,-11
2005,"Minnesota Timberwolves",33,44,-11
2018,"Minnesota Timberwolves",36,47,-11
2020,"Indiana Pacers",34,45,-11
1963,"Los Angeles Lakers",42,53,-11
2000,"Los Angeles Lakers",56,67,-11
2002,"Miami Heat",25,36,-11
1997,"Golden State Warriors",19,30,-11
1994,"Houston Rockets",47,58,-11
2009,"Houston Rockets",42,53,-11
1992,"Dallas Mavericks",11,22,-11
1963,"Detroit Pistons",23,34,-11
2006,"Detroit Pistons",53,64,-11
1981,"Chicago Bulls",34,45,-11
1973,"Atlanta Hawks",35,46,-11
2018,"Washington Wizards",32,43,-11
2022,"Utah Jazz",37,49,-12
2020,"Boston Celtics",36,48,-12
2022,"San Antonio Spurs",22,34,-12
2020,"Orlando Magic",21,33,-12
1983,"Phoenix Suns",41,53,-12
2009,"New Orleans Hornets",37,49,-12
1978,"New York Knicks",31,43,-12
2018,"New York Knicks",17,29,-12
2011,"Miami Heat",46,58,-12
2006,"Milwaukee Bucks",28,40,-12
2002,"Los Angeles Clippers",27,39,-12
2018,"Houston Rockets",53,65,-12
2011,"Denver Nuggets",38,50,-12
1974,"Detroit Pistons",40,52,-12
2009,"Detroit Pistons",27,39,-12
2016,"Charlotte Hornets",36,48,-12
2011,"Chicago Bulls",50,62,-12
2002,"Cleveland Cavaliers",17,29,-12
2015,"Atlanta Hawks",48,60,-12
1973,"Boston Celtics",56,68,-12
2005,"Boston Celtics",33,45,-12
2009,"Boston Celtics",50,62,-12
2003,"Washington Wizards",25,37,-12
1969,"Philadelphia 76ers",42,55,-13
1983,"Philadelphia 76ers",52,65,-13
2001,"Philadelphia 76ers",43,56,-13
1978,"Portland Trail Blazers",45,58,-13
1978,"New Orleans Jazz",26,39,-13
1959,"New York Knicks",27,40,-13
1981,"Cleveland Cavaliers",15,28,-13
2015,"Memphis Grizzlies",42,55,-13
2011,"Golden State Warriors",23,36,-13
1996,"Indiana Pacers",39,52,-13
2001,"Denver Nuggets",27,40,-13
1978,"Cleveland Cavaliers",30,43,-13
1973,"Los Angeles Lakers",47,60,-13
2017,"San Antonio Spurs",47,61,-14
1969,"Boston Celtics",34,48,-14
2010,"Utah Jazz",39,53,-14
1988,"Portland Trail Blazers",39,53,-14
2004,"Portland Trail Blazers",27,41,-14
2009,"Philadelphia 76ers",27,41,-14
2010,"Phoenix Suns",40,54,-14
1997,"New York Knicks",43,57,-14
2014,"Oklahoma City Thunder",45,59,-14
1991,"Minnesota Timberwolves",15,29,-14
2004,"Minnesota Timberwolves",44,58,-14
1993,"Los Angeles Clippers",27,41,-14
2001,"Miami Heat",36,50,-14
1979,"Golden State Warriors",24,38,-14
2022,"Dallas Mavericks",38,52,-14
1996,"Denver Nuggets",21,35,-14
1979,"Detroit Pistons",16,30,-14
2017,"Chicago Bulls",27,41,-14
1958,"Cincinnati Royals",19,33,-14
1997,"Toronto Raptors",16,30,-14
1979,"Washington Bullets",39,54,-15
1988,"Boston Celtics",42,57,-15
1954,"Rochester Royals",29,44,-15
2011,"Orlando Magic",37,52,-15
2003,"Philadelphia 76ers",33,48,-15
2001,"Phoenix Suns",36,51,-15
2003,"Phoenix Suns",29,44,-15
2015,"New Orleans Pelicans",30,45,-15
2018,"New Orleans Pelicans",33,48,-15
1996,"Orlando Magic",45,60,-15
1957,"Minneapolis Lakers",19,34,-15
1986,"New Jersey Nets",24,39,-15
1994,"New Jersey Nets",30,45,-15
1991,"Los Angeles Lakers",43,58,-15
1982,"Golden State Warriors",30,45,-15
1984,"Golden State Warriors",22,37,-15
2015,"Houston Rockets",41,56,-15
1982,"Indiana Pacers",20,35,-15
2000,"Indiana Pacers",41,56,-15
1989,"Cleveland Cavaliers",42,57,-15
1988,"Dallas Mavericks",38,53,-15
1994,"Atlanta Hawks",42,57,-15
2004,"Atlanta Hawks",13,28,-15
2021,"Portland Trail Blazers",27,42,-15
2019,"San Antonio Spurs",32,48,-16
2004,"Utah Jazz",26,42,-16
1983,"San Antonio Spurs",37,53,-16
2015,"Phoenix Suns",23,39,-16
1998,"New York Knicks",27,43,-16
1993,"Boston Celtics",32,48,-16
1997,"Houston Rockets",41,57,-16
2007,"Dallas Mavericks",51,67,-16
2019,"Charlotte Hornets",23,39,-16
2022,"Charlotte Hornets",27,43,-16
2007,"Chicago Bulls",33,49,-16
2011,"Los Angeles Lakers",41,57,-16
2005,"Seattle SuperSonics",35,52,-17
2015,"Brooklyn Nets",21,38,-17
2014,"Miami Heat",37,54,-17
1991,"Milwaukee Bucks",31,48,-17
2019,"Minnesota Timberwolves",19,36,-17
2007,"Los Angeles Clippers",23,40,-17
1974,"Los Angeles Lakers",30,47,-17
2001,"Houston Rockets",28,45,-17
2005,"Houston Rockets",34,51,-17
2004,"Indiana Pacers",44,61,-17
1979,"Denver Nuggets",30,47,-17
1997,"Detroit Pistons",37,54,-17
1998,"Boston Celtics",19,36,-17
2011,"Boston Celtics",39,56,-17
1981,"New York Knicks",33,50,-17
2002,"Toronto Raptors",24,42,-18
2010,"Toronto Raptors",22,40,-18
2019,"Portland Trail Blazers",35,53,-18
1996,"Boston Celtics",15,33,-18
2001,"New York Knicks",30,48,-18
2014,"Indiana Pacers",38,56,-18
1995,"Phoenix Suns",41,59,-18
1981,"San Diego Clippers",17,36,-19
1950,"Syracuse Nationals",32,51,-19
1998,"San Antonio Spurs",37,56,-19
2022,"Phoenix Suns",45,64,-19
2017,"Atlanta Hawks",24,43,-19
2008,"Golden State Warriors",29,48,-19
1990,"Dallas Mavericks",28,47,-19
1980,"Atlanta Hawks",31,50,-19
1998,"Atlanta Hawks",31,50,-19
1997,"Los Angeles Clippers",17,36,-19
2011,"Portland Trail Blazers",28,48,-20
2014,"New York Knicks",17,37,-20
2008,"Detroit Pistons",39,59,-20
1986,"Los Angeles Clippers",12,32,-20
1993,"Detroit Pistons",20,40,-20
1998,"Minnesota Timberwolves",25,45,-20
1947,"Washington Capitols",28,49,-21
1972,"Seattle SuperSonics",26,47,-21
2008,"Sacramento Kings",17,38,-21
1972,"Philadelphia 76ers",9,30,-21
1952,"Philadelphia Warriors",12,33,-21
2019,"Detroit Pistons",20,41,-21
1974,"Milwaukee Bucks",38,59,-21
2017,"Memphis Grizzlies",22,43,-21
1992,"Golden State Warriors",34,55,-21
2011,"Dallas Mavericks",36,57,-21
2003,"Orlando Magic",21,42,-21
1950,"Washington Capitols",10,32,-22
1980,"Seattle SuperSonics",34,56,-22
1947,"Providence Steamrollers",6,28,-22
1987,"Golden State Warriors",20,42,-22
2020,"Oklahoma City Thunder",22,44,-22
2004,"Los Angeles Lakers",34,56,-22
1998,"Miami Heat",33,55,-22
2009,"New Jersey Nets",12,34,-22
2004,"New Orleans Hornets",18,41,-23
1990,"Denver Nuggets",20,43,-23
1984,"New York Knicks",24,47,-23
1998,"Washington Wizards",18,42,-24
1994,"Golden State Warriors",26,50,-24
2014,"Minnesota Timberwolves",16,40,-24
2008,"Washington Wizards",19,43,-24
1998,"Utah Jazz",37,62,-25
2011,"New Orleans Hornets",21,46,-25
1998,"Cleveland Cavaliers",22,47,-25
1998,"Charlotte Hornets",26,51,-25
1998,"Indiana Pacers",33,58,-25
2020,"Toronto Raptors",27,53,-26
1998,"New Jersey Nets",16,43,-27
2011,"Charlotte Bobcats",7,34,-27
2020,"Houston Rockets",17,44,-27
2006,"Memphis Grizzlies",22,49,-27
2007,"Miami Heat",15,44,-29
1998,"Phoenix Suns",27,56,-29
1998,"Los Angeles Lakers",31,61,-30
2018,"Cleveland Cavaliers",19,50,-31
1964,"San Francisco Warriors",17,48,-31
1982,"Houston Rockets",14,46,-32
1998,"Seattle SuperSonics",25,61,-36
1996,"San Antonio Spurs",20,59,-39
2010,"Cleveland Cavaliers",19,61,-42
2019,"Golden State Warriors",15,57,-42
1998,"Chicago Bulls",13,62,-49
