"SEASON","TEAM_NAME","WINS","LOSSES","WIN_PCT","WINS_5Y","LOSSES_5Y","WIN_PCT_5Y"
"2018","Golden State Warriors",57,25,0.695,322,88,0.785
"2017","Golden State Warriors",58,24,0.707,316,94,0.771
"1985","Boston Celtics",67,15,0.817,311,99,0.759
"1989","Los Angeles Lakers",63,19,0.768,309,101,0.754
"1988","Los Angeles Lakers",57,25,0.695,308,102,0.751
"1987","Boston Celtics",57,25,0.695,308,102,0.751
"2015","San Antonio Spurs",67,15,0.817,295,99,0.749
"1964","Boston Celtics",62,18,0.775,290,97,0.749
"1986","Boston Celtics",59,23,0.72,307,103,0.749
"2016","San Antonio Spurs",61,21,0.744,295,99,0.749
"1984","Boston Celtics",63,19,0.768,306,104,0.746
"1990","Los Angeles Lakers",58,24,0.707,305,105,0.744
"1987","Los Angeles Lakers",62,20,0.756,305,105,0.744
"1997","Chicago Bulls",62,20,0.756,305,105,0.744
"1983","Boston Celtics",62,20,0.756,304,106,0.741
"1965","Boston Celtics",54,26,0.675,292,103,0.739
"1997","Seattle SuperSonics",61,21,0.744,302,108,0.737
"1998","Utah Jazz",37,13,0.74,278,100,0.735
"1986","Los Angeles Lakers",65,17,0.793,301,109,0.734
"1996","Chicago Bulls",69,13,0.841,300,110,0.732
"1963","Boston Celtics",59,21,0.738,277,102,0.731
"1995","Chicago Bulls",72,10,0.878,298,112,0.727
"2005","San Antonio Spurs",63,19,0.768,297,113,0.724
"2006","Dallas Mavericks",67,15,0.817,297,113,0.724
"2006","San Antonio Spurs",58,24,0.707,297,113,0.724
"1999","Utah Jazz",55,27,0.671,273,105,0.722
"2001","Los Angeles Lakers",58,24,0.707,273,105,0.722
"1983","Philadelphia 76ers",52,30,0.634,296,114,0.722
"1996","Seattle SuperSonics",57,25,0.695,296,114,0.722
"1993","Chicago Bulls",55,27,0.671,295,115,0.72
"1984","Philadelphia 76ers",58,24,0.707,295,115,0.72
"2000","Utah Jazz",53,29,0.646,271,107,0.717
"1997","Utah Jazz",62,20,0.756,294,116,0.717
"2000","Los Angeles Lakers",56,26,0.683,271,107,0.717
"2007","San Antonio Spurs",56,26,0.683,293,117,0.715
"1985","Los Angeles Lakers",62,20,0.756,293,117,0.715
"1967","Boston Celtics",54,28,0.659,287,115,0.714
"2016","Golden State Warriors",67,15,0.817,281,113,0.713
"2017","San Antonio Spurs",47,35,0.573,292,118,0.712
"2004","San Antonio Spurs",59,23,0.72,292,118,0.712
"1982","Philadelphia 76ers",65,17,0.793,291,119,0.71
"1999","Los Angeles Lakers",67,15,0.817,268,110,0.709
"2008","San Antonio Spurs",54,28,0.659,290,120,0.707
"2014","San Antonio Spurs",55,27,0.671,278,116,0.706
"1962","Boston Celtics",58,22,0.725,262,109,0.706
"2002","San Antonio Spurs",60,22,0.732,266,112,0.704
"2013","San Antonio Spurs",62,20,0.756,277,117,0.703
"2011","Los Angeles Lakers",41,25,0.621,277,117,0.703
"1988","Boston Celtics",42,40,0.512,288,122,0.702
"2007","Dallas Mavericks",51,31,0.622,288,122,0.702
"1985","Philadelphia 76ers",54,28,0.659,287,123,0.7
"2005","Dallas Mavericks",60,22,0.732,287,123,0.7
"1994","Chicago Bulls",47,35,0.573,287,123,0.7
"1992","Chicago Bulls",57,25,0.695,287,123,0.7
"2003","Los Angeles Lakers",56,26,0.683,287,123,0.7
"1998","Seattle SuperSonics",25,25,0.5,264,114,0.698
"1995","Seattle SuperSonics",64,18,0.78,286,124,0.698
"2008","Dallas Mavericks",50,32,0.61,286,124,0.698
"2003","San Antonio Spurs",57,25,0.695,286,124,0.698
"1998","Chicago Bulls",13,37,0.26,263,115,0.696
"1994","Phoenix Suns",59,23,0.72,285,125,0.695
"1984","Los Angeles Lakers",62,20,0.756,285,125,0.695
"2001","San Antonio Spurs",58,24,0.707,262,116,0.693
"2011","Boston Celtics",39,27,0.591,273,121,0.693
"2019","Toronto Raptors",53,19,0.736,277,123,0.693
"2002","Los Angeles Lakers",50,32,0.61,262,116,0.693
"2022","Milwaukee Bucks",58,24,0.707,271,120,0.693
"2007","Detroit Pistons",59,23,0.72,284,126,0.693
"1983","Los Angeles Lakers",54,28,0.659,283,127,0.69
"2009","Dallas Mavericks",55,27,0.671,283,127,0.69
"1991","Los Angeles Lakers",43,39,0.524,283,127,0.69
"2011","San Antonio Spurs",50,16,0.758,271,123,0.688
"1972","Los Angeles Lakers",60,22,0.732,282,128,0.688
"2019","Golden State Warriors",15,50,0.231,270,123,0.687
"1968","Boston Celtics",48,34,0.585,277,127,0.686
"1981","Philadelphia 76ers",58,24,0.707,281,129,0.685
"2009","San Antonio Spurs",50,32,0.61,281,129,0.685
"1952","Minneapolis Lakers",48,22,0.686,228,105,0.685
"1993","Phoenix Suns",56,26,0.683,280,130,0.683
"2004","Sacramento Kings",50,32,0.61,280,130,0.683
"1991","Chicago Bulls",67,15,0.817,280,130,0.683
"2004","Dallas Mavericks",58,24,0.707,280,130,0.683
"2010","Dallas Mavericks",57,25,0.695,280,130,0.683
"1996","Utah Jazz",64,18,0.78,279,131,0.68
"1992","Phoenix Suns",62,20,0.756,279,131,0.68
"2010","San Antonio Spurs",61,21,0.744,279,131,0.68
"2010","Los Angeles Lakers",57,25,0.695,278,132,0.678
"2008","Phoenix Suns",46,36,0.561,278,132,0.678
"2018","San Antonio Spurs",48,34,0.585,278,132,0.678
"1990","Detroit Pistons",50,32,0.61,278,132,0.678
"1993","Portland Trail Blazers",47,35,0.573,277,133,0.676
"1973","Los Angeles Lakers",47,35,0.573,277,133,0.676
"1989","Boston Celtics",52,30,0.634,277,133,0.676
"1982","Los Angeles Lakers",58,24,0.707,276,134,0.673
"1974","Milwaukee Bucks",38,44,0.463,276,134,0.673
"1996","New York Knicks",57,25,0.695,276,134,0.673
"1984","Milwaukee Bucks",59,23,0.72,275,135,0.671
"2006","Detroit Pistons",53,29,0.646,275,135,0.671
"1959","Boston Celtics",59,16,0.787,243,120,0.669
"1986","Philadelphia 76ers",45,37,0.549,274,136,0.668
"1991","Detroit Pistons",48,34,0.585,274,136,0.668
"2003","Sacramento Kings",55,27,0.671,274,136,0.668
"1974","Boston Celtics",60,22,0.732,274,136,0.668
"1989","Detroit Pistons",59,23,0.72,274,136,0.668
"1953","Minneapolis Lakers",46,26,0.639,230,115,0.667
"1999","Seattle SuperSonics",45,37,0.549,252,126,0.667
"1952","Rochester Royals",44,26,0.629,222,111,0.667
"2018","Toronto Raptors",58,24,0.707,273,137,0.666
"2001","Utah Jazz",44,38,0.537,251,127,0.664
"2000","Miami Heat",50,32,0.61,251,127,0.664
"1977","Boston Celtics",32,50,0.39,272,138,0.663
"1995","San Antonio Spurs",59,23,0.72,272,138,0.663
"2005","Detroit Pistons",64,18,0.78,272,138,0.663
"1985","Milwaukee Bucks",57,25,0.695,272,138,0.663
"2009","Cleveland Cavaliers",61,21,0.744,272,138,0.663
"2015","Oklahoma City Thunder",55,27,0.671,261,133,0.662
"1982","Boston Celtics",56,26,0.683,271,139,0.661
"1995","Phoenix Suns",41,41,0.5,271,139,0.661
"2017","Houston Rockets",65,17,0.793,271,139,0.661
"1991","Portland Trail Blazers",57,25,0.695,271,139,0.661
"1995","New York Knicks",47,35,0.573,270,140,0.659
"2018","Houston Rockets",53,29,0.646,270,140,0.659
"1995","Utah Jazz",55,27,0.671,270,140,0.659
"1998","Los Angeles Lakers",31,19,0.62,249,129,0.659
"2009","Phoenix Suns",54,28,0.659,270,140,0.659
"2021","Milwaukee Bucks",51,31,0.622,257,134,0.657
"2011","Orlando Magic",37,29,0.561,259,135,0.657
"2008","Detroit Pistons",39,43,0.476,269,141,0.656
"1994","Utah Jazz",60,22,0.732,269,141,0.656
"2005","Sacramento Kings",44,38,0.537,269,141,0.656
"1992","Portland Trail Blazers",51,31,0.622,269,141,0.656
"1994","San Antonio Spurs",62,20,0.756,268,142,0.654
"1971","Los Angeles Lakers",69,13,0.841,267,141,0.654
"1973","New York Knicks",49,33,0.598,268,142,0.654
"2002","Sacramento Kings",59,23,0.72,246,132,0.651
"1986","Milwaukee Bucks",50,32,0.61,267,143,0.651
"2014","Oklahoma City Thunder",45,37,0.549,256,138,0.65
"2009","Los Angeles Lakers",57,25,0.695,266,144,0.649
"1990","Boston Celtics",56,26,0.683,266,144,0.649
"1983","Milwaukee Bucks",50,32,0.61,265,145,0.646
"1996","Houston Rockets",57,25,0.695,265,145,0.646
"1973","Milwaukee Bucks",59,23,0.72,265,145,0.646
"2019","Houston Rockets",44,28,0.611,258,142,0.645
"1977","Milwaukee Bucks",44,38,0.537,264,146,0.644
"1993","Utah Jazz",53,29,0.646,264,146,0.644
"2002","Portland Trail Blazers",50,32,0.61,243,135,0.643
"1999","Miami Heat",52,30,0.634,243,135,0.643
"2016","Oklahoma City Thunder",47,35,0.573,253,141,0.642
"1994","Seattle SuperSonics",57,25,0.695,263,147,0.641
"1953","Rochester Royals",44,28,0.611,221,124,0.641
"1990","Portland Trail Blazers",63,19,0.768,263,147,0.641
"1981","Los Angeles Lakers",57,25,0.695,263,147,0.641
"2017","Toronto Raptors",59,23,0.72,263,147,0.641
"2015","Chicago Bulls",42,40,0.512,252,142,0.64
"1973","Boston Celtics",56,26,0.683,262,148,0.639
"1991","Utah Jazz",55,27,0.671,262,148,0.639
"2019","San Antonio Spurs",32,39,0.451,255,144,0.639
"1993","San Antonio Spurs",55,27,0.671,262,148,0.639
"1994","Portland Trail Blazers",44,38,0.537,262,148,0.639
"2010","Orlando Magic",52,30,0.634,262,148,0.639
"1994","New York Knicks",55,27,0.671,262,148,0.639
"1972","New York Knicks",57,25,0.695,262,148,0.639
"2003","Dallas Mavericks",52,30,0.634,262,148,0.639
"1992","Utah Jazz",47,35,0.573,262,148,0.639
"1982","Phoenix Suns",53,29,0.646,261,149,0.637
"2014","Chicago Bulls",50,32,0.61,251,143,0.637
"2007","Phoenix Suns",55,27,0.671,261,149,0.637
"1988","Detroit Pistons",63,19,0.768,261,149,0.637
"2020","Toronto Raptors",27,45,0.375,248,142,0.636
"2015","Golden State Warriors",73,9,0.89,250,144,0.635
"2022","Denver Nuggets",53,29,0.646,248,143,0.634
"1992","Los Angeles Lakers",39,43,0.476,260,150,0.634
"2020","Milwaukee Bucks",46,26,0.639,248,143,0.634
"1992","Detroit Pistons",40,42,0.488,260,150,0.634
"1972","Boston Celtics",68,14,0.829,260,150,0.634
"2022","Philadelphia 76ers",54,28,0.659,248,143,0.634
"2019","Boston Celtics",48,24,0.667,253,147,0.633
"1997","New York Knicks",43,39,0.524,259,151,0.632
"2000","Portland Trail Blazers",50,32,0.61,239,139,0.632
"2011","Dallas Mavericks",36,30,0.545,249,145,0.632
"2001","Portland Trail Blazers",49,33,0.598,239,139,0.632
"1999","Indiana Pacers",56,26,0.683,238,140,0.63
"1996","Phoenix Suns",40,42,0.488,258,152,0.629
"1991","Boston Celtics",51,31,0.622,258,152,0.629
"2010","Boston Celtics",56,26,0.683,258,152,0.629
"2021","Philadelphia 76ers",51,31,0.622,246,145,0.629
"1987","Milwaukee Bucks",42,40,0.512,258,152,0.629
"2013","Miami Heat",54,28,0.659,248,146,0.629
"2020","Utah Jazz",52,20,0.722,245,145,0.628
"2021","Toronto Raptors",48,34,0.585,245,145,0.628
"1981","Phoenix Suns",46,36,0.561,257,153,0.627
"1980","Philadelphia 76ers",62,20,0.756,257,153,0.627
"2013","Dallas Mavericks",49,33,0.598,247,147,0.627
"1988","Milwaukee Bucks",49,33,0.598,257,153,0.627
"2014","Dallas Mavericks",50,32,0.61,247,147,0.627
"2013","Los Angeles Lakers",27,55,0.329,247,147,0.627
"1969","Philadelphia 76ers",42,40,0.512,254,152,0.626
"1954","Minneapolis Lakers",40,32,0.556,218,130,0.626
"1953","Syracuse Nationals",42,30,0.583,212,127,0.625
"1998","Orlando Magic",33,17,0.66,236,142,0.624
"2003","Minnesota Timberwolves",58,24,0.707,256,154,0.624
"2002","Utah Jazz",47,35,0.573,236,142,0.624
"2010","Phoenix Suns",40,42,0.488,256,154,0.624
"2021","Utah Jazz",49,33,0.598,243,147,0.623
"2011","Denver Nuggets",38,28,0.576,245,149,0.622
"1969","Boston Celtics",34,48,0.415,252,154,0.621
"2017","Oklahoma City Thunder",48,34,0.585,254,156,0.62
"1974","New York Knicks",40,42,0.488,254,156,0.62
"1994","Houston Rockets",47,35,0.573,254,156,0.62
"2004","Los Angeles Lakers",34,48,0.415,254,156,0.62
"1998","Indiana Pacers",33,17,0.66,234,144,0.619
"1998","San Antonio Spurs",37,13,0.74,234,144,0.619
"2022","Boston Celtics",57,25,0.695,241,149,0.618
"2020","Boston Celtics",36,36,0.5,241,149,0.618
"1982","Milwaukee Bucks",51,31,0.622,253,157,0.617
"2015","Miami Heat",48,34,0.585,243,151,0.617
"1996","Orlando Magic",45,37,0.549,253,157,0.617
"1997","Orlando Magic",41,41,0.5,253,157,0.617
"2008","Cleveland Cavaliers",66,16,0.805,253,157,0.617
"1990","Chicago Bulls",61,21,0.744,253,157,0.617
"2020","Golden State Warriors",39,33,0.542,236,147,0.616
"1999","Chicago Bulls",17,65,0.207,233,145,0.616
"1999","Portland Trail Blazers",59,23,0.72,233,145,0.616
"2021","Denver Nuggets",48,34,0.585,241,150,0.616
"1997","San Antonio Spurs",56,26,0.683,252,158,0.615
"1974","Los Angeles Lakers",30,52,0.366,252,158,0.615
"1997","Phoenix Suns",56,26,0.683,252,158,0.615
"1983","Phoenix Suns",41,41,0.5,252,158,0.615
"2010","Denver Nuggets",50,32,0.61,252,158,0.615
"1993","New York Knicks",57,25,0.695,252,158,0.615
"2014","Miami Heat",37,45,0.451,242,152,0.614
"2013","Chicago Bulls",48,34,0.585,242,152,0.614
"2000","Seattle SuperSonics",44,38,0.537,232,146,0.614
"2021","Boston Celtics",51,31,0.622,239,151,0.613
"1990","Utah Jazz",54,28,0.659,251,159,0.612
"1997","Houston Rockets",41,41,0.5,251,159,0.612
"1997","Atlanta Hawks",50,32,0.61,251,159,0.612
"1997","Los Angeles Lakers",61,21,0.744,251,159,0.612
"1977","Los Angeles Lakers",45,37,0.549,251,159,0.612
"1958","Boston Celtics",52,20,0.722,220,140,0.611
"1989","Atlanta Hawks",41,41,0.5,250,160,0.61
"2004","Minnesota Timberwolves",44,38,0.537,250,160,0.61
"1995","Houston Rockets",48,34,0.585,250,160,0.61
"2006","Phoenix Suns",61,21,0.744,250,160,0.61
"1968","Philadelphia 76ers",55,27,0.671,246,158,0.609
"2016","Houston Rockets",55,27,0.671,240,154,0.609
"2020","LA Clippers",47,25,0.653,237,153,0.608
"2019","Oklahoma City Thunder",44,28,0.611,243,157,0.608
"2001","Indiana Pacers",42,40,0.512,230,148,0.608
"1969","Los Angeles Lakers",46,36,0.561,247,159,0.608
"2019","LA Clippers",49,23,0.681,243,157,0.608
"1992","Boston Celtics",48,34,0.585,249,161,0.607
"1963","St. Louis Hawks",46,34,0.575,230,149,0.607
"1977","Chicago Bulls",40,42,0.488,249,161,0.607
"2003","Portland Trail Blazers",41,41,0.5,249,161,0.607
"1998","New York Knicks",27,23,0.54,229,149,0.606
"2002","Dallas Mavericks",60,22,0.732,229,149,0.606
"2003","Indiana Pacers",61,21,0.744,248,162,0.605
"1997","Indiana Pacers",58,24,0.707,248,162,0.605
"1993","Houston Rockets",58,24,0.707,248,162,0.605
"1995","Cleveland Cavaliers",47,35,0.573,248,162,0.605
"1974","Chicago Bulls",47,35,0.573,248,162,0.605
"1964","St. Louis Hawks",45,35,0.563,234,153,0.605
"1971","Boston Celtics",56,26,0.683,246,162,0.603
"1992","New York Knicks",60,22,0.732,247,163,0.602
"1993","Seattle SuperSonics",63,19,0.768,247,163,0.602
"1981","Boston Celtics",63,19,0.768,247,163,0.602
"2009","Utah Jazz",53,29,0.646,247,163,0.602
"1987","Detroit Pistons",54,28,0.659,247,163,0.602
"1968","Los Angeles Lakers",55,27,0.671,243,161,0.601
"2000","Phoenix Suns",51,31,0.622,227,151,0.601
"2000","Indiana Pacers",41,41,0.5,227,151,0.601
"2009","Denver Nuggets",53,29,0.646,246,164,0.6
"1967","Los Angeles Lakers",52,30,0.634,241,161,0.6
"2020","Houston Rockets",17,55,0.236,234,156,0.6
"1981","Milwaukee Bucks",55,27,0.671,246,164,0.6
"2009","Orlando Magic",59,23,0.72,246,164,0.6
"2001","Miami Heat",36,46,0.439,226,152,0.598
"2010","Utah Jazz",39,43,0.476,245,165,0.598
"1996","San Antonio Spurs",20,62,0.244,245,165,0.598
"1991","Phoenix Suns",53,29,0.646,245,165,0.598
"1987","Philadelphia 76ers",36,46,0.439,245,165,0.598
"1971","Philadelphia 76ers",30,52,0.366,244,164,0.598
"2010","Houston Rockets",43,39,0.524,245,165,0.598
"2008","Houston Rockets",53,29,0.646,245,165,0.598
"2000","Charlotte Hornets",46,36,0.561,226,152,0.598
"2018","Boston Celtics",49,33,0.598,245,165,0.598
"1978","Boston Celtics",29,53,0.354,245,165,0.598
"2014","Atlanta Hawks",60,22,0.732,235,159,0.596
"1953","New York Knicks",44,28,0.611,204,138,0.596
"2020","Denver Nuggets",47,25,0.653,233,158,0.596
"1998","Atlanta Hawks",31,19,0.62,225,153,0.595
"2018","Oklahoma City Thunder",49,33,0.598,244,166,0.595
"2000","New York Knicks",48,34,0.585,225,153,0.595
"1999","San Antonio Spurs",53,29,0.646,225,153,0.595
"2022","Utah Jazz",37,45,0.451,232,158,0.595
"2017","Cleveland Cavaliers",50,32,0.61,244,166,0.595
"1980","Boston Celtics",62,20,0.756,244,166,0.595
"1996","Atlanta Hawks",56,26,0.683,244,166,0.595
"2015","Memphis Grizzlies",42,40,0.512,234,160,0.594
"2013","Portland Trail Blazers",54,28,0.659,234,160,0.594
"2013","Oklahoma City Thunder",59,23,0.72,234,160,0.594
"2015","Dallas Mavericks",42,40,0.512,234,160,0.594
"1999","New York Knicks",50,32,0.61,224,154,0.593
"2008","Los Angeles Lakers",65,17,0.793,243,167,0.593
"2005","Los Angeles Lakers",45,37,0.549,243,167,0.593
"1998","Houston Rockets",31,19,0.62,224,154,0.593
"1990","Atlanta Hawks",43,39,0.524,243,167,0.593
"1988","Atlanta Hawks",52,30,0.634,243,167,0.593
"1995","Portland Trail Blazers",44,38,0.537,243,167,0.593
"1992","Cleveland Cavaliers",54,28,0.659,243,167,0.593
"1980","Phoenix Suns",57,25,0.695,243,167,0.593
"2002","Philadelphia 76ers",48,34,0.585,224,154,0.593
"2000","San Antonio Spurs",58,24,0.707,224,154,0.593
"1998","Miami Heat",33,17,0.66,223,155,0.59
"2009","Detroit Pistons",27,55,0.329,242,168,0.59
"2022","LA Clippers",44,38,0.537,230,160,0.59
"2008","Denver Nuggets",54,28,0.659,242,168,0.59
"1998","Phoenix Suns",27,23,0.54,223,155,0.59
"2002","Minnesota Timberwolves",51,31,0.622,223,155,0.59
"1982","San Antonio Spurs",53,29,0.646,242,168,0.59
"2001","Phoenix Suns",36,46,0.439,223,155,0.59
"1962","St. Louis Hawks",48,32,0.6,220,153,0.59
"1989","Milwaukee Bucks",44,38,0.537,242,168,0.59
"1982","Seattle SuperSonics",48,34,0.585,242,168,0.59
"2013","Boston Celtics",25,57,0.305,232,162,0.589
"2014","Memphis Grizzlies",55,27,0.671,232,162,0.589
"1955","Minneapolis Lakers",34,39,0.466,208,145,0.589
"1981","Seattle SuperSonics",52,30,0.634,241,169,0.588
"1954","Syracuse Nationals",43,29,0.597,204,143,0.588
"1955","Syracuse Nationals",36,37,0.493,208,146,0.588
"2003","Utah Jazz",42,40,0.512,241,169,0.588
"2006","Sacramento Kings",33,49,0.402,241,169,0.588
"1981","San Antonio Spurs",48,34,0.585,241,169,0.588
"2010","Cleveland Cavaliers",19,63,0.232,241,169,0.588
"1998","Charlotte Hornets",26,24,0.52,222,156,0.587
"2013","Denver Nuggets",36,46,0.439,231,163,0.586
"2016","Memphis Grizzlies",43,39,0.524,231,163,0.586
"2019","Milwaukee Bucks",56,17,0.767,235,166,0.586
"2014","Portland Trail Blazers",51,31,0.622,231,163,0.586
"2016","Chicago Bulls",41,41,0.5,231,163,0.586
"2021","LA Clippers",42,40,0.512,228,162,0.585
"1999","Charlotte Hornets",49,33,0.598,221,157,0.585
"1989","Portland Trail Blazers",59,23,0.72,240,170,0.585
"2004","Detroit Pistons",54,28,0.659,240,170,0.585
"2015","Atlanta Hawks",48,34,0.585,230,164,0.584
"2011","Utah Jazz",36,30,0.545,230,164,0.584
"2013","Orlando Magic",23,59,0.28,230,164,0.584
"1954","New York Knicks",38,34,0.528,202,144,0.584
"1987","Dallas Mavericks",53,29,0.646,239,171,0.583
"2005","New Jersey Nets",49,33,0.598,239,171,0.583
"1989","Utah Jazz",55,27,0.671,239,171,0.583
"1957","Boston Celtics",49,23,0.681,210,150,0.583
"1993","Boston Celtics",32,50,0.39,239,171,0.583
"1978","Milwaukee Bucks",38,44,0.463,239,171,0.583
"2017","Portland Trail Blazers",49,33,0.598,239,171,0.583
"1988","Philadelphia 76ers",46,36,0.561,239,171,0.583
"2019","Utah Jazz",44,28,0.611,233,167,0.583
"2002","Indiana Pacers",48,34,0.585,220,158,0.582
"1999","Orlando Magic",41,41,0.5,220,158,0.582
"2022","Toronto Raptors",41,41,0.5,227,163,0.582
"2001","Seattle SuperSonics",45,37,0.549,220,158,0.582
"1952","New York Knicks",47,23,0.671,192,138,0.582
"2016","Atlanta Hawks",43,39,0.524,229,165,0.581
"2014","Houston Rockets",56,26,0.683,229,165,0.581
"2018","Portland Trail Blazers",53,29,0.646,238,172,0.58
"2021","Golden State Warriors",53,29,0.646,222,161,0.58
"1979","Boston Celtics",61,21,0.744,238,172,0.58
"2011","Phoenix Suns",33,33,0.5,228,166,0.579
"2015","Houston Rockets",41,41,0.5,228,166,0.579
"1989","Dallas Mavericks",47,35,0.573,237,173,0.578
"1997","Charlotte Hornets",51,31,0.622,237,173,0.578
"1977","New York Knicks",43,39,0.524,237,173,0.578
"2007","Houston Rockets",55,27,0.671,237,173,0.578
"1950","Washington Capitols",10,25,0.286,157,115,0.577
"1998","Portland Trail Blazers",35,15,0.7,218,160,0.577
"1954","Boston Celtics",36,36,0.5,202,148,0.577
"1956","Boston Celtics",44,28,0.611,207,152,0.577
"2011","Chicago Bulls",50,16,0.758,227,167,0.576
"1980","Los Angeles Lakers",54,28,0.659,236,174,0.576
"1980","Washington Bullets",39,43,0.476,236,174,0.576
"2016","Toronto Raptors",51,31,0.622,227,167,0.576
"1971","New York Knicks",48,34,0.585,235,173,0.576
"2005","Minnesota Timberwolves",33,49,0.402,236,174,0.576
"1993","Los Angeles Lakers",33,49,0.402,236,174,0.576
"2005","Indiana Pacers",41,41,0.5,236,174,0.576
"2004","Indiana Pacers",44,38,0.537,236,174,0.576
"2011","Houston Rockets",34,32,0.515,227,167,0.576
"2009","Houston Rockets",42,40,0.512,236,174,0.576
"1967","St. Louis Hawks",56,26,0.683,231,171,0.575
"1999","Phoenix Suns",53,29,0.646,217,161,0.574
"2013","Houston Rockets",54,28,0.659,226,168,0.574
"2001","Minnesota Timberwolves",50,32,0.61,217,161,0.574
"2016","Miami Heat",41,41,0.5,226,168,0.574
"1996","Portland Trail Blazers",49,33,0.598,235,175,0.573
"2009","Boston Celtics",50,32,0.61,235,175,0.573
"1992","Houston Rockets",55,27,0.671,235,175,0.573
"1955","Boston Celtics",39,33,0.542,202,151,0.572
"1954","Rochester Royals",29,43,0.403,199,149,0.572
"1956","Syracuse Nationals",38,34,0.528,206,154,0.572
"2015","Portland Trail Blazers",44,38,0.537,225,169,0.571
"1989","Philadelphia 76ers",53,29,0.646,234,176,0.571
"2001","Charlotte Hornets",44,38,0.537,216,162,0.571
"2007","Los Angeles Lakers",57,25,0.695,234,176,0.571
"1988","Dallas Mavericks",38,44,0.463,234,176,0.571
"1973","Chicago Bulls",54,28,0.659,234,176,0.571
"1979","Seattle SuperSonics",56,26,0.683,234,176,0.571
"1988","Denver Nuggets",44,38,0.537,234,176,0.571
"1994","Cleveland Cavaliers",43,39,0.524,234,176,0.571
"2020","Philadelphia 76ers",49,23,0.681,223,168,0.57
"1967","Cincinnati Royals",39,43,0.476,229,173,0.57
"1955","New York Knicks",35,38,0.479,201,152,0.569
"2019","Indiana Pacers",45,28,0.616,228,173,0.569
"1990","Milwaukee Bucks",48,34,0.585,233,177,0.568
"1984","Phoenix Suns",36,46,0.439,233,177,0.568
"1977","Golden State Warriors",43,39,0.524,233,177,0.568
"1972","Baltimore Bullets",52,30,0.634,233,177,0.568
"1996","Cleveland Cavaliers",42,40,0.512,233,177,0.568
"1993","Cleveland Cavaliers",47,35,0.573,233,177,0.568
"2020","San Antonio Spurs",33,39,0.458,221,168,0.568
"1988","Houston Rockets",45,37,0.549,232,178,0.566
"2001","Sacramento Kings",61,21,0.744,214,164,0.566
"1995","Indiana Pacers",52,30,0.634,232,178,0.566
"1980","Seattle SuperSonics",34,48,0.415,232,178,0.566
"1983","Seattle SuperSonics",42,40,0.512,232,178,0.566
"2016","Indiana Pacers",42,40,0.512,223,171,0.566
"1997","Miami Heat",55,27,0.671,232,178,0.566
"1987","Portland Trail Blazers",53,29,0.646,232,178,0.566
"1968","Cincinnati Royals",41,41,0.5,228,176,0.564
"2022","Miami Heat",44,38,0.537,220,171,0.563
"2021","Miami Heat",53,29,0.646,220,171,0.563
"1996","Indiana Pacers",39,43,0.476,231,179,0.563
"2007","Denver Nuggets",50,32,0.61,231,179,0.563
"1991","Cleveland Cavaliers",57,25,0.695,231,179,0.563
"2013","Atlanta Hawks",38,44,0.463,222,172,0.563
"1987","Atlanta Hawks",50,32,0.61,231,179,0.563
"1992","Seattle SuperSonics",55,27,0.671,231,179,0.563
"1984","San Antonio Spurs",41,41,0.5,231,179,0.563
"1983","San Antonio Spurs",37,45,0.451,231,179,0.563
"1997","Portland Trail Blazers",46,36,0.561,230,180,0.561
"2011","Portland Trail Blazers",28,38,0.424,221,173,0.561
"2020","Portland Trail Blazers",42,30,0.583,220,172,0.561
"2018","Cleveland Cavaliers",19,63,0.232,230,180,0.561
"2013","Phoenix Suns",48,34,0.585,221,173,0.561
"1956","Minneapolis Lakers",34,39,0.466,202,158,0.561
"1996","Charlotte Hornets",54,28,0.659,230,180,0.561
"2008","Boston Celtics",62,20,0.756,230,180,0.561
"1986","Detroit Pistons",52,30,0.634,230,180,0.561
"2011","Atlanta Hawks",40,26,0.606,221,173,0.561
"1959","St. Louis Hawks",46,29,0.613,205,161,0.56
"1965","St. Louis Hawks",36,44,0.45,221,174,0.559
"2003","Philadelphia 76ers",33,49,0.402,229,181,0.559
"1995","Orlando Magic",60,22,0.732,229,181,0.559
"1980","Milwaukee Bucks",60,22,0.732,229,181,0.559
"2006","Indiana Pacers",35,47,0.427,229,181,0.559
"1979","Los Angeles Lakers",60,22,0.732,229,181,0.559
"1978","Los Angeles Lakers",47,35,0.573,229,181,0.559
"2017","Indiana Pacers",48,34,0.585,229,181,0.559
"1996","Los Angeles Lakers",56,26,0.683,229,181,0.559
"1999","Atlanta Hawks",28,54,0.341,211,167,0.558
"1962","Syracuse Nationals",48,32,0.6,207,164,0.558
"2002","Phoenix Suns",44,38,0.537,211,167,0.558
"1999","Houston Rockets",34,48,0.415,211,167,0.558
"1956","New York Knicks",36,36,0.5,200,159,0.557
"2003","Detroit Pistons",54,28,0.659,228,182,0.556
"1992","San Antonio Spurs",49,33,0.598,228,182,0.556
"1981","Portland Trail Blazers",42,40,0.512,228,182,0.556
"1990","Phoenix Suns",55,27,0.671,228,182,0.556
"2006","New Jersey Nets",41,41,0.5,228,182,0.556
"1979","Milwaukee Bucks",49,33,0.598,228,182,0.556
"1985","Denver Nuggets",47,35,0.573,228,182,0.556
"1987","Denver Nuggets",54,28,0.659,228,182,0.556
"2020","Indiana Pacers",34,38,0.472,217,174,0.555
"1951","New York Knicks",37,29,0.561,171,137,0.555
"1957","Syracuse Nationals",41,31,0.569,200,161,0.554
"2006","Los Angeles Lakers",42,40,0.512,227,183,0.554
"2018","Utah Jazz",50,32,0.61,227,183,0.554
"2015","Indiana Pacers",45,37,0.549,218,176,0.553
"2016","Portland Trail Blazers",41,41,0.5,218,176,0.553
"1950","New York Knicks",36,30,0.545,167,135,0.553
"2019","Portland Trail Blazers",35,39,0.473,222,180,0.552
"1997","Cleveland Cavaliers",47,35,0.573,226,184,0.551
"1990","Houston Rockets",52,30,0.634,226,184,0.551
"1995","Atlanta Hawks",46,36,0.561,226,184,0.551
"1959","Philadelphia Warriors",49,26,0.653,200,163,0.551
"2010","Chicago Bulls",62,20,0.756,226,184,0.551
"1991","Houston Rockets",42,40,0.512,226,184,0.551
"2000","Houston Rockets",45,37,0.549,208,170,0.55
"1999","Detroit Pistons",42,40,0.512,208,170,0.55
"2006","Houston Rockets",52,30,0.634,225,185,0.549
"1986","Portland Trail Blazers",49,33,0.598,225,185,0.549
"1989","Denver Nuggets",43,39,0.524,225,185,0.549
"2010","Portland Trail Blazers",48,34,0.585,225,185,0.549
"1989","Houston Rockets",41,41,0.5,225,185,0.549
"1988","Utah Jazz",51,31,0.622,225,185,0.549
"2022","Brooklyn Nets",45,37,0.549,214,176,0.549
"1991","New York Knicks",51,31,0.622,225,185,0.549
"2005","Phoenix Suns",54,28,0.659,225,185,0.549
"2000","Minnesota Timberwolves",47,35,0.573,207,171,0.548
"2001","Philadelphia 76ers",43,39,0.524,207,171,0.548
"2019","Denver Nuggets",46,27,0.63,219,182,0.546
"1986","Dallas Mavericks",55,27,0.671,224,186,0.546
"2016","Cleveland Cavaliers",51,31,0.622,215,179,0.546
"1986","Atlanta Hawks",57,25,0.695,224,186,0.546
"1991","Atlanta Hawks",38,44,0.463,224,186,0.546
"1980","Portland Trail Blazers",45,37,0.549,224,186,0.546
"1990","Philadelphia 76ers",44,38,0.537,224,186,0.546
"2017","Miami Heat",44,38,0.537,224,186,0.546
"2022","Phoenix Suns",45,37,0.549,213,178,0.545
"2008","Orlando Magic",59,23,0.72,223,187,0.544
"2004","Philadelphia 76ers",43,39,0.524,223,187,0.544
"1988","Portland Trail Blazers",39,43,0.476,223,187,0.544
"2017","Washington Wizards",43,39,0.524,223,187,0.544
"1978","Chicago Bulls",31,51,0.378,223,187,0.544
"1994","Atlanta Hawks",42,40,0.512,223,187,0.544
"1984","Portland Trail Blazers",42,40,0.512,223,187,0.544
"2022","Golden State Warriors",44,38,0.537,208,175,0.543
"1953","Boston Celtics",42,30,0.583,188,158,0.543
"2014","Phoenix Suns",39,43,0.476,214,180,0.543
"2014","Los Angeles Clippers",56,26,0.683,214,180,0.543
"2022","Memphis Grizzlies",51,31,0.622,212,179,0.542
"2002","Milwaukee Bucks",42,40,0.512,205,173,0.542
"2007","Cleveland Cavaliers",45,37,0.549,222,188,0.541
"1994","Boston Celtics",35,47,0.427,222,188,0.541
"1993","Atlanta Hawks",57,25,0.695,222,188,0.541
"1989","Chicago Bulls",55,27,0.671,222,188,0.541
"2006","Miami Heat",44,38,0.537,222,188,0.541
"2004","Phoenix Suns",62,20,0.756,222,188,0.541
"1994","Indiana Pacers",52,30,0.634,221,189,0.539
"2018","Indiana Pacers",48,34,0.585,221,189,0.539
"2019","Miami Heat",44,29,0.603,216,185,0.539
"2017","Boston Celtics",55,27,0.671,221,189,0.539
"1994","Los Angeles Lakers",48,34,0.585,221,189,0.539
"1990","Dallas Mavericks",28,54,0.341,221,189,0.539
"2020","Oklahoma City Thunder",22,50,0.306,210,180,0.538
"2011","Cleveland Cavaliers",21,45,0.318,212,182,0.538
"2015","Charlotte Hornets",48,34,0.585,220,190,0.537
"1969","Baltimore Bullets",50,32,0.61,218,188,0.537
"1971","Baltimore Bullets",38,44,0.463,219,189,0.537
"2008","Utah Jazz",48,34,0.585,220,190,0.537
"1991","Seattle SuperSonics",47,35,0.573,220,190,0.537
"2007","Sacramento Kings",38,44,0.463,220,190,0.537
"1955","Rochester Royals",31,41,0.431,189,163,0.537
"1979","Philadelphia 76ers",59,23,0.72,220,190,0.537
"2002","Orlando Magic",42,40,0.512,203,175,0.537
"2000","Orlando Magic",43,39,0.524,203,175,0.537
"1978","New York Knicks",31,51,0.378,220,190,0.537
"1969","New York Knicks",60,22,0.732,218,188,0.537
"2018","Milwaukee Bucks",60,22,0.732,220,190,0.537
"1993","Golden State Warriors",50,32,0.61,220,190,0.537
"1978","Golden State Warriors",38,44,0.463,220,190,0.537
"2002","Detroit Pistons",50,32,0.61,203,175,0.537
"1959","Syracuse Nationals",45,30,0.6,195,169,0.536
"1958","Syracuse Nationals",35,37,0.486,193,168,0.535
"1986","Denver Nuggets",37,45,0.451,219,191,0.534
"1985","New Jersey Nets",39,43,0.476,219,191,0.534
"2001","Orlando Magic",44,38,0.537,202,176,0.534
"1987","Utah Jazz",47,35,0.573,219,191,0.534
"1983","Portland Trail Blazers",48,34,0.585,219,191,0.534
"1981","Washington Bullets",43,39,0.524,219,191,0.534
"2016","Dallas Mavericks",33,49,0.402,210,184,0.533
"2014","Boston Celtics",40,42,0.488,210,184,0.533
"1984","Denver Nuggets",52,30,0.634,218,192,0.532
"2020","Miami Heat",40,32,0.556,208,183,0.532
"2004","Seattle SuperSonics",52,30,0.634,218,192,0.532
"2022","Los Angeles Lakers",43,39,0.524,207,182,0.532
"1998","Cleveland Cavaliers",22,28,0.44,201,177,0.532
"1985","Portland Trail Blazers",40,42,0.488,218,192,0.532
"2003","Milwaukee Bucks",41,41,0.5,218,192,0.532
"2006","Minnesota Timberwolves",32,50,0.39,218,192,0.532
"1956","Ft. Wayne Zollner Pistons",34,39,0.466,190,168,0.531
"2011","Miami Heat",46,20,0.697,209,185,0.53
"2011","New Orleans Hornets",21,45,0.318,209,185,0.53
"2004","Portland Trail Blazers",27,55,0.329,217,193,0.529
"2007","Indiana Pacers",36,46,0.439,217,193,0.529
"1982","Washington Bullets",42,40,0.512,217,193,0.529
"1965","Cincinnati Royals",45,35,0.563,209,186,0.529
"2022","Dallas Mavericks",38,44,0.463,208,185,0.529
"1992","Atlanta Hawks",43,39,0.524,217,193,0.529
"1985","Detroit Pistons",46,36,0.561,217,193,0.529
"1993","Detroit Pistons",20,62,0.244,217,193,0.529
"2015","Boston Celtics",48,34,0.585,208,186,0.528
"1995","Los Angeles Lakers",53,29,0.646,216,194,0.527
"1987","Houston Rockets",46,36,0.561,216,194,0.527
"1955","Ft. Wayne Zollner Pistons",37,35,0.514,185,166,0.527
"1979","Phoenix Suns",55,27,0.671,216,194,0.527
"1982","Portland Trail Blazers",46,36,0.561,216,194,0.527
"2004","New Jersey Nets",42,40,0.512,216,194,0.527
"2002","Seattle SuperSonics",40,42,0.488,199,179,0.526
"2001","Milwaukee Bucks",41,41,0.5,199,179,0.526
"2021","Portland Trail Blazers",27,55,0.329,206,186,0.526
"2014","Denver Nuggets",30,52,0.366,207,187,0.525
"2014","Charlotte Hornets",33,49,0.402,198,180,0.524
"2001","New York Knicks",30,52,0.366,198,180,0.524
"1985","San Antonio Spurs",35,47,0.427,214,196,0.522
"1991","Philadelphia 76ers",35,47,0.427,214,196,0.522
"2005","Miami Heat",52,30,0.634,214,196,0.522
"1991","Milwaukee Bucks",31,51,0.378,214,196,0.522
"2007","Utah Jazz",54,28,0.659,214,196,0.522
"1957","New York Knicks",35,37,0.486,188,173,0.521
"1973","Atlanta Hawks",35,47,0.427,213,197,0.52
"2017","Atlanta Hawks",24,58,0.293,213,197,0.52
"2016","Boston Celtics",53,29,0.646,205,189,0.52
"1992","Golden State Warriors",34,48,0.415,213,197,0.52
"2014","Indiana Pacers",38,44,0.463,205,189,0.52
"1996","Miami Heat",61,21,0.744,213,197,0.52
"2008","Miami Heat",43,39,0.524,213,197,0.52
"2007","New Jersey Nets",34,48,0.415,213,197,0.52
"1983","New York Knicks",47,35,0.573,213,197,0.52
"2003","Phoenix Suns",29,53,0.354,213,197,0.52
"2002","Miami Heat",25,57,0.305,196,182,0.519
"1954","Ft. Wayne Zollner Pistons",43,29,0.597,180,167,0.519
"2017","Memphis Grizzlies",22,60,0.268,212,198,0.517
"2004","Utah Jazz",26,56,0.317,212,198,0.517
"1982","Atlanta Hawks",43,39,0.524,212,198,0.517
"2007","Miami Heat",15,67,0.183,212,198,0.517
"2004","Miami Heat",59,23,0.72,212,198,0.517
"1950","Philadelphia Warriors",40,26,0.606,156,146,0.517
"2004","Houston Rockets",51,31,0.622,212,198,0.517
"1990","Seattle SuperSonics",41,41,0.5,212,198,0.517
"1953","Ft. Wayne Zollner Pistons",40,32,0.556,178,166,0.517
"2013","Indiana Pacers",56,26,0.683,203,191,0.515
"2008","New Orleans Hornets",49,33,0.598,211,199,0.515
"2018","Washington Wizards",32,50,0.39,211,199,0.515
"2014","Golden State Warriors",67,15,0.817,203,191,0.515
"2010","Atlanta Hawks",44,38,0.537,211,199,0.515
"2003","Seattle SuperSonics",37,45,0.451,211,199,0.515
"1993","Indiana Pacers",47,35,0.573,211,199,0.515
"2014","Los Angeles Lakers",21,61,0.256,203,191,0.515
"2008","Chicago Bulls",41,41,0.5,211,199,0.515
"1969","Cincinnati Royals",36,46,0.439,209,197,0.515
"1998","Detroit Pistons",29,21,0.58,194,184,0.513
"2000","Detroit Pistons",32,50,0.39,194,184,0.513
"2021","Los Angeles Lakers",33,49,0.402,199,190,0.512
"1982","Kansas City Kings",45,37,0.549,210,200,0.512
"2004","Boston Celtics",45,37,0.549,210,200,0.512
"1952","Boston Celtics",46,25,0.648,171,163,0.512
"1981","Atlanta Hawks",42,40,0.512,210,200,0.512
"2021","Indiana Pacers",25,57,0.305,200,191,0.512
"1991","San Antonio Spurs",47,35,0.573,210,200,0.512
"1958","Philadelphia Warriors",32,40,0.444,184,176,0.511
"2021","Houston Rockets",20,62,0.244,199,191,0.51
"2013","Utah Jazz",25,57,0.305,201,193,0.51
"2018","Miami Heat",39,43,0.476,209,201,0.51
"1972","Chicago Bulls",51,31,0.622,209,201,0.51
"2005","Seattle SuperSonics",35,47,0.427,209,201,0.51
"1985","Atlanta Hawks",50,32,0.61,209,201,0.51
"2013","Memphis Grizzlies",50,32,0.61,201,193,0.51
"1958","New York Knicks",40,32,0.556,184,177,0.51
"1994","Golden State Warriors",26,56,0.317,209,201,0.51
"2002","New York Knicks",37,45,0.451,192,186,0.508
"2016","Washington Wizards",49,33,0.598,200,194,0.508
"2013","Cleveland Cavaliers",33,49,0.402,200,194,0.508
"2010","Detroit Pistons",30,52,0.366,208,202,0.507
"1985","Phoenix Suns",32,50,0.39,208,202,0.507
"1981","Denver Nuggets",46,36,0.561,208,202,0.507
"2017","Chicago Bulls",27,55,0.329,208,202,0.507
"2010","Miami Heat",58,24,0.707,207,203,0.505
"2000","Milwaukee Bucks",52,30,0.634,191,187,0.505
"2021","Brooklyn Nets",44,38,0.537,197,193,0.505
"2006","Utah Jazz",51,31,0.622,207,203,0.505
"2005","Boston Celtics",33,49,0.402,207,203,0.505
"1984","Seattle SuperSonics",31,51,0.378,207,203,0.505
"2016","Charlotte Hornets",36,46,0.439,207,203,0.505
"1995","Charlotte Hornets",41,41,0.5,207,203,0.505
"2001","Detroit Pistons",50,32,0.61,190,188,0.503
"1999","Cleveland Cavaliers",32,50,0.39,190,188,0.503
"2000","Atlanta Hawks",25,57,0.305,190,188,0.503
"2015","Toronto Raptors",56,26,0.683,198,196,0.503
"1957","Philadelphia Warriors",37,35,0.514,181,179,0.503
"1979","Portland Trail Blazers",38,44,0.463,206,204,0.502
"2004","Milwaukee Bucks",30,52,0.366,206,204,0.502
"2010","New Orleans Hornets",46,36,0.561,206,204,0.502
"1983","Atlanta Hawks",40,42,0.488,206,204,0.502
"2009","Chicago Bulls",41,41,0.5,205,205,0.5
"1989","Phoenix Suns",54,28,0.659,205,205,0.5
"1956","Rochester Royals",31,41,0.431,179,179,0.5
"1988","Chicago Bulls",47,35,0.573,205,205,0.5
"2001","Dallas Mavericks",57,25,0.695,189,189,0.5
"1982","Denver Nuggets",45,37,0.549,205,205,0.5
"1951","Philadelphia Warriors",33,33,0.5,154,154,0.5
"2005","Philadelphia 76ers",38,44,0.463,205,205,0.5
"1990","Cleveland Cavaliers",33,49,0.402,205,205,0.5
"2003","Miami Heat",42,40,0.512,205,205,0.5
"2003","New Jersey Nets",47,35,0.573,205,205,0.5
"2019","Cleveland Cavaliers",19,46,0.292,196,197,0.499
"2021","San Antonio Spurs",34,48,0.415,194,195,0.499
"1978","Seattle SuperSonics",52,30,0.634,204,206,0.498
"1985","Seattle SuperSonics",31,51,0.378,204,206,0.498
"2007","Boston Celtics",66,16,0.805,204,206,0.498
"1984","New Jersey Nets",42,40,0.512,204,206,0.498
"2018","Atlanta Hawks",29,53,0.354,204,206,0.498
"1992","Philadelphia 76ers",26,56,0.317,204,206,0.498
"2003","New York Knicks",39,43,0.476,204,206,0.498
"2014","Orlando Magic",25,57,0.305,196,198,0.497
"1979","Atlanta Hawks",50,32,0.61,203,207,0.495
"2018","Denver Nuggets",54,28,0.659,203,207,0.495
"1980","New York Knicks",50,32,0.61,203,207,0.495
"2000","Sacramento Kings",55,27,0.671,187,191,0.495
"2021","Dallas Mavericks",52,30,0.634,194,199,0.494
"2020","Los Angeles Lakers",42,30,0.583,192,197,0.494
"1979","New York Knicks",39,43,0.476,202,208,0.493
"1981","Houston Rockets",46,36,0.561,202,208,0.493
"1979","Chicago Bulls",30,52,0.366,202,208,0.493
"1968","Baltimore Bullets",57,25,0.695,199,205,0.493
"1986","Utah Jazz",44,38,0.537,202,208,0.493
"2017","Utah Jazz",48,34,0.585,202,208,0.493
"1989","Seattle SuperSonics",41,41,0.5,202,208,0.493
"2000","Philadelphia 76ers",56,26,0.683,186,192,0.492
"1999","Minnesota Timberwolves",50,32,0.61,186,192,0.492
"2009","Miami Heat",47,35,0.573,201,209,0.49
"2005","Houston Rockets",34,48,0.415,201,209,0.49
"1995","Golden State Warriors",36,46,0.439,201,209,0.49
"1989","Cleveland Cavaliers",42,40,0.512,201,209,0.49
"2009","New Orleans Hornets",37,45,0.451,201,209,0.49
"2003","Boston Celtics",36,46,0.439,200,210,0.488
"2008","New Jersey Nets",34,48,0.415,200,210,0.488
"1992","Milwaukee Bucks",28,54,0.341,200,210,0.488
"1983","Kansas City Kings",38,44,0.463,200,210,0.488
"2005","Utah Jazz",41,41,0.5,200,210,0.488
"1978","Detroit Pistons",30,52,0.366,200,210,0.488
"1994","Orlando Magic",57,25,0.695,200,210,0.488
"1978","Atlanta Hawks",46,36,0.561,199,211,0.485
"1980","Atlanta Hawks",31,51,0.378,199,211,0.485
"1995","Boston Celtics",33,49,0.402,199,211,0.485
"1977","Seattle SuperSonics",47,35,0.573,199,211,0.485
"2014","Utah Jazz",38,44,0.463,191,203,0.485
"1986","New Jersey Nets",24,58,0.293,199,211,0.485
"1978","Phoenix Suns",50,32,0.61,199,211,0.485
"1985","Washington Bullets",39,43,0.476,199,211,0.485
"1988","Washington Bullets",40,42,0.488,199,211,0.485
"1984","Washington Bullets",40,42,0.488,199,211,0.485
"1991","Golden State Warriors",55,27,0.671,199,211,0.485
"2022","Portland Trail Blazers",33,49,0.402,190,202,0.485
"2002","Boston Celtics",44,38,0.537,183,195,0.484
"1972","Philadelphia 76ers",9,73,0.11,198,212,0.483
"1990","New York Knicks",39,43,0.476,198,212,0.483
"2006","Denver Nuggets",45,37,0.549,198,212,0.483
"1990","Denver Nuggets",20,62,0.244,198,212,0.483
"2017","Dallas Mavericks",24,58,0.293,198,212,0.483
"1984","New York Knicks",24,58,0.293,198,212,0.483
"1986","Washington Bullets",42,40,0.512,198,212,0.483
"1983","Washington Bullets",35,47,0.427,198,212,0.483
"2009","Portland Trail Blazers",50,32,0.61,198,212,0.483
"2021","Phoenix Suns",64,18,0.78,189,202,0.483
"1986","Phoenix Suns",36,46,0.439,198,212,0.483
"1977","Phoenix Suns",49,33,0.598,198,212,0.483
"1952","Ft. Wayne Zollner Pistons",36,33,0.522,160,172,0.482
"2016","Utah Jazz",51,31,0.622,190,204,0.482
"1982","New York Knicks",44,38,0.537,197,213,0.48
"1985","Dallas Mavericks",44,38,0.537,197,213,0.48
"2008","Philadelphia 76ers",41,41,0.5,197,213,0.48
"2006","Philadelphia 76ers",35,47,0.427,197,213,0.48
"1979","Golden State Warriors",24,58,0.293,197,213,0.48
"1980","Houston Rockets",40,42,0.488,197,213,0.48
"2017","Charlotte Hornets",36,46,0.439,197,213,0.48
"2002","Houston Rockets",43,39,0.524,181,197,0.479
"2002","Toronto Raptors",24,58,0.293,181,197,0.479
"2021","Oklahoma City Thunder",24,58,0.293,187,203,0.479
"1974","Atlanta Hawks",31,51,0.378,196,214,0.478
"2022","Indiana Pacers",35,47,0.427,187,204,0.478
"2007","Washington Wizards",43,39,0.524,196,214,0.478
"1981","New York Knicks",33,49,0.402,196,214,0.478
"1983","New Jersey Nets",45,37,0.549,196,214,0.478
"1957","Minneapolis Lakers",19,53,0.264,173,189,0.478
"1981","Kansas City Kings",30,52,0.366,196,214,0.478
"1977","Detroit Pistons",38,44,0.463,196,214,0.478
"1983","Denver Nuggets",38,44,0.463,196,214,0.478
"2007","Golden State Warriors",48,34,0.585,195,215,0.476
"2006","Seattle SuperSonics",31,51,0.378,195,215,0.476
"1988","Cleveland Cavaliers",57,25,0.695,195,215,0.476
"2018","Memphis Grizzlies",33,49,0.402,195,215,0.476
"2005","Memphis Grizzlies",49,33,0.598,195,215,0.476
"2003","Houston Rockets",45,37,0.549,195,215,0.476
"2014","Cleveland Cavaliers",53,29,0.646,187,207,0.475
"2015","Denver Nuggets",33,49,0.402,187,207,0.475
"1959","New York Knicks",27,48,0.36,173,191,0.475
"2019","Washington Wizards",25,47,0.347,190,210,0.475
"2001","Houston Rockets",28,54,0.341,179,199,0.474
"1964","Cincinnati Royals",48,32,0.6,183,204,0.473
"1986","San Antonio Spurs",28,54,0.341,194,216,0.473
"2006","Memphis Grizzlies",22,60,0.268,194,216,0.473
"2005","Milwaukee Bucks",40,42,0.488,194,216,0.473
"1987","Washington Bullets",38,44,0.463,194,216,0.473
"2006","Cleveland Cavaliers",50,32,0.61,194,216,0.473
"2007","Chicago Bulls",33,49,0.402,193,217,0.471
"1980","Chicago Bulls",45,37,0.549,193,217,0.471
"2009","Atlanta Hawks",53,29,0.646,193,217,0.471
"2018","Detroit Pistons",41,41,0.5,193,217,0.471
"2020","Washington Wizards",34,38,0.472,183,207,0.469
"1994","Charlotte Hornets",50,32,0.61,192,218,0.468
"1980","Golden State Warriors",39,43,0.476,192,218,0.468
"1984","Detroit Pistons",46,36,0.561,192,218,0.468
"1992","Indiana Pacers",41,41,0.5,192,218,0.468
"2021","Memphis Grizzlies",56,26,0.683,183,208,0.468
"1988","Seattle SuperSonics",47,35,0.573,192,218,0.468
"2008","Indiana Pacers",36,46,0.439,192,218,0.468
"2018","Charlotte Hornets",39,43,0.476,192,218,0.468
"1971","Cincinnati Royals",30,52,0.366,191,217,0.468
"2011","Philadelphia 76ers",35,31,0.53,184,210,0.467
"2003","Toronto Raptors",33,49,0.402,191,219,0.466
"1990","San Antonio Spurs",55,27,0.671,191,219,0.466
"1986","Seattle SuperSonics",39,43,0.476,191,219,0.466
"1951","Boston Celtics",39,27,0.591,145,166,0.466
"2000","Chicago Bulls",15,67,0.183,176,202,0.466
"2003","Orlando Magic",21,61,0.256,191,219,0.466
"2017","New Orleans Pelicans",48,34,0.585,191,219,0.466
"2015","Cleveland Cavaliers",57,25,0.695,183,211,0.464
"2011","Indiana Pacers",42,24,0.636,183,211,0.464
"2015","Phoenix Suns",23,59,0.28,183,211,0.464
"2018","New Orleans Pelicans",33,49,0.402,190,220,0.463
"1995","Miami Heat",42,40,0.512,190,220,0.463
"1990","Indiana Pacers",41,41,0.5,190,220,0.463
"2006","Chicago Bulls",49,33,0.598,190,220,0.463
"2019","Charlotte Hornets",23,42,0.354,182,211,0.463
"2001","Boston Celtics",49,33,0.598,175,203,0.463
"1984","Atlanta Hawks",34,48,0.415,190,220,0.463
"2008","Washington Wizards",19,63,0.232,190,220,0.463
"2006","Washington Wizards",41,41,0.5,190,220,0.463
"1989","Washington Bullets",31,51,0.378,190,220,0.463
"2014","Toronto Raptors",49,33,0.598,182,212,0.462
"1979","Houston Rockets",41,41,0.5,189,221,0.461
"1981","Golden State Warriors",45,37,0.549,189,221,0.461
"1974","Detroit Pistons",40,42,0.488,189,221,0.461
"1978","Portland Trail Blazers",45,37,0.549,189,221,0.461
"1977","Atlanta Hawks",41,41,0.5,189,221,0.461
"1991","Indiana Pacers",40,42,0.488,189,221,0.461
"2007","Minnesota Timberwolves",22,60,0.268,189,221,0.461
"2007","Philadelphia 76ers",40,42,0.488,189,221,0.461
"2002","New Jersey Nets",49,33,0.598,174,204,0.46
"2019","Philadelphia 76ers",43,30,0.589,184,217,0.459
"1974","Phoenix Suns",32,50,0.39,188,222,0.459
"1995","New Jersey Nets",30,52,0.366,188,222,0.459
"1982","New Jersey Nets",49,33,0.598,188,222,0.459
"2007","Memphis Grizzlies",22,60,0.268,188,222,0.459
"2005","Portland Trail Blazers",21,61,0.256,188,222,0.459
"1985","Houston Rockets",51,31,0.622,188,222,0.459
"1982","Houston Rockets",14,68,0.171,188,222,0.459
"2022","Sacramento Kings",48,34,0.585,179,211,0.459
"2019","Detroit Pistons",20,46,0.303,181,213,0.459
"2022","Oklahoma City Thunder",40,42,0.488,179,211,0.459
"1991","Dallas Mavericks",22,60,0.268,188,222,0.459
"1974","Seattle SuperSonics",43,39,0.524,188,222,0.459
"2009","Toronto Raptors",40,42,0.488,188,222,0.459
"1996","Detroit Pistons",54,28,0.659,188,222,0.459
"2001","Toronto Raptors",42,40,0.512,173,205,0.458
"2000","Cleveland Cavaliers",30,52,0.366,173,205,0.458
"2011","Detroit Pistons",25,41,0.379,180,214,0.457
"1988","Phoenix Suns",55,27,0.671,187,223,0.456
"2004","New York Knicks",33,49,0.402,187,223,0.456
"2021","New Orleans Pelicans",36,46,0.439,178,212,0.456
"2008","Golden State Warriors",29,53,0.354,187,223,0.456
"1987","Seattle SuperSonics",44,38,0.537,187,223,0.456
"1968","San Francisco Warriors",41,41,0.5,184,220,0.455
"2004","Orlando Magic",36,46,0.439,186,224,0.454
"1990","Golden State Warriors",44,38,0.537,186,224,0.454
"1994","Detroit Pistons",28,54,0.341,186,224,0.454
"2005","Washington Wizards",42,40,0.512,186,224,0.454
"2021","Charlotte Hornets",43,39,0.524,174,209,0.454
"2015","Utah Jazz",40,42,0.488,178,216,0.452
"2022","Atlanta Hawks",41,41,0.5,174,211,0.452
"1999","Sacramento Kings",44,38,0.537,171,207,0.452
"1997","Detroit Pistons",37,45,0.451,185,225,0.451
"2007","Orlando Magic",52,30,0.634,185,225,0.451
"1991","Denver Nuggets",24,58,0.293,185,225,0.451
"1987","Chicago Bulls",50,32,0.61,185,225,0.451
"2006","Golden State Warriors",42,40,0.512,185,225,0.451
"1981","Indiana Pacers",35,47,0.427,185,225,0.451
"2020","New Orleans Pelicans",31,41,0.431,176,214,0.451
"2017","Denver Nuggets",46,36,0.561,185,225,0.451
"2010","Philadelphia 76ers",41,41,0.5,184,226,0.449
"2016","Denver Nuggets",40,42,0.488,177,217,0.449
"1986","Houston Rockets",42,40,0.512,184,226,0.449
"1984","Kansas City Kings",31,51,0.378,184,226,0.449
"2013","Los Angeles Clippers",57,25,0.695,177,217,0.449
"1994","New Jersey Nets",30,52,0.366,184,226,0.449
"2021","Minnesota Timberwolves",46,36,0.561,171,211,0.448
"2013","New York Knicks",37,45,0.451,176,218,0.447
"1985","Utah Jazz",42,40,0.512,183,227,0.446
"1968","New York Knicks",54,28,0.659,180,224,0.446
"1993","Philadelphia 76ers",25,57,0.305,183,227,0.446
"2010","Toronto Raptors",22,60,0.268,183,227,0.446
"2020","Dallas Mavericks",42,30,0.583,175,218,0.445
"2018","Chicago Bulls",22,60,0.268,182,228,0.444
"2006","Boston Celtics",24,58,0.293,182,228,0.444
"1995","Detroit Pistons",46,36,0.561,182,228,0.444
"2018","Dallas Mavericks",33,49,0.402,182,228,0.444
"2008","Sacramento Kings",17,65,0.207,182,228,0.444
"1980","Denver Nuggets",37,45,0.451,173,217,0.444
"2020","Brooklyn Nets",48,24,0.667,173,217,0.444
"1989","New York Knicks",45,37,0.549,182,228,0.444
"2001","New Jersey Nets",52,30,0.634,168,210,0.444
"1963","Cincinnati Royals",55,25,0.688,168,211,0.443
"2001","Atlanta Hawks",33,49,0.402,167,211,0.442
"2015","Washington Wizards",41,41,0.5,174,220,0.442
"1958","Minneapolis Lakers",33,39,0.458,160,202,0.442
"1990","Washington Bullets",30,52,0.366,181,229,0.441
"2008","Toronto Raptors",33,49,0.402,181,229,0.441
"2007","Toronto Raptors",41,41,0.5,181,229,0.441
"2009","Philadelphia 76ers",27,55,0.329,181,229,0.441
"2022","New Orleans Pelicans",42,40,0.512,172,218,0.441
"1978","Houston Rockets",47,35,0.573,181,229,0.441
"2010","Golden State Warriors",36,46,0.439,181,229,0.441
"2017","Detroit Pistons",39,43,0.476,181,229,0.441
"1973","Detroit Pistons",52,30,0.634,181,229,0.441
"2006","Milwaukee Bucks",28,54,0.341,181,229,0.441
"2005","Denver Nuggets",44,38,0.537,180,230,0.439
"2011","Memphis Grizzlies",41,25,0.621,173,221,0.439
"1981","Chicago Bulls",34,48,0.415,180,230,0.439
"1998","Sacramento Kings",27,23,0.54,166,212,0.439
"2009","Indiana Pacers",32,50,0.39,180,230,0.439
"2019","New Orleans Pelicans",30,42,0.417,175,225,0.438
"1979","Cleveland Cavaliers",37,45,0.451,179,231,0.437
"2004","Toronto Raptors",33,49,0.402,179,231,0.437
"1956","Philadelphia Warriors",37,35,0.514,156,201,0.437
"2015","Orlando Magic",35,47,0.427,172,222,0.437
"2005","Orlando Magic",36,46,0.439,179,231,0.437
"2011","Milwaukee Bucks",31,35,0.47,172,222,0.437
"2006","Los Angeles Clippers",40,42,0.488,179,231,0.437
"2009","Golden State Warriors",26,56,0.317,179,231,0.437
"2020","Charlotte Hornets",33,39,0.458,167,216,0.436
"2022","Minnesota Timberwolves",42,40,0.512,166,216,0.435
"2020","Memphis Grizzlies",38,34,0.528,170,221,0.435
"2010","Charlotte Bobcats",34,48,0.415,178,232,0.434
"1999","Milwaukee Bucks",42,40,0.512,164,214,0.434
"1995","Denver Nuggets",35,47,0.427,178,232,0.434
"2019","Memphis Grizzlies",34,39,0.466,174,227,0.434
"2019","Dallas Mavericks",43,32,0.573,175,228,0.434
"1980","Cleveland Cavaliers",28,54,0.341,178,232,0.434
"2005","Los Angeles Clippers",47,35,0.573,178,232,0.434
"2022","San Antonio Spurs",22,60,0.268,169,220,0.434
"2021","Washington Wizards",35,47,0.427,169,221,0.433
"1967","San Francisco Warriors",43,39,0.524,174,228,0.433
"1955","Philadelphia Warriors",45,27,0.625,152,199,0.433
"1984","Houston Rockets",48,34,0.585,177,233,0.432
"2022","Charlotte Hornets",27,55,0.329,165,218,0.431
"1996","Golden State Warriors",30,52,0.366,176,234,0.429
"1962","New York Knicks",21,59,0.263,159,212,0.429
"1982","Golden State Warriors",30,52,0.366,176,234,0.429
"2010","Indiana Pacers",37,45,0.451,176,234,0.429
"1979","Detroit Pistons",16,66,0.195,176,234,0.429
"2004","Denver Nuggets",49,33,0.598,176,234,0.429
"1983","Golden State Warriors",37,45,0.451,175,235,0.427
"1989","Indiana Pacers",42,40,0.512,175,235,0.427
"1996","Denver Nuggets",21,61,0.256,175,235,0.427
"2007","Los Angeles Clippers",23,59,0.28,175,235,0.427
"2017","Milwaukee Bucks",44,38,0.537,175,235,0.427
"2006","Orlando Magic",40,42,0.488,175,235,0.427
"2008","Portland Trail Blazers",54,28,0.659,175,235,0.427
"2007","Seattle SuperSonics",20,62,0.244,175,235,0.427
"1973","Seattle SuperSonics",36,46,0.439,175,235,0.427
"2000","Toronto Raptors",47,35,0.573,161,217,0.426
"1954","Philadelphia Warriors",33,39,0.458,147,198,0.426
"2014","Milwaukee Bucks",41,41,0.5,168,226,0.426
"2016","Detroit Pistons",37,45,0.451,167,227,0.424
"1993","Los Angeles Clippers",27,55,0.329,174,236,0.424
"1982","Indiana Pacers",20,62,0.244,174,236,0.424
"2016","Phoenix Suns",24,58,0.293,167,227,0.424
"1978","Cleveland Cavaliers",30,52,0.366,174,236,0.424
"2022","New York Knicks",47,35,0.573,163,221,0.424
"1997","New Jersey Nets",43,39,0.524,174,236,0.424
"1996","New Jersey Nets",26,56,0.317,174,236,0.424
"2009","Milwaukee Bucks",46,36,0.561,174,236,0.424
"2001","Cleveland Cavaliers",29,53,0.354,160,218,0.423
"1952","Philadelphia Warriors",12,57,0.174,139,190,0.422
"1987","Phoenix Suns",28,54,0.341,173,237,0.422
"2005","Cleveland Cavaliers",50,32,0.61,173,237,0.422
"1984","Golden State Warriors",22,60,0.268,173,237,0.422
"2013","Toronto Raptors",48,34,0.585,166,228,0.421
"2020","Cleveland Cavaliers",22,50,0.306,161,222,0.42
"1994","Miami Heat",32,50,0.39,172,238,0.42
"1950","Boston Celtics",39,30,0.565,128,177,0.42
"1989","Golden State Warriors",37,45,0.451,172,238,0.42
"1973","Phoenix Suns",30,52,0.366,172,238,0.42
"1984","Chicago Bulls",38,44,0.463,172,238,0.42
"1987","San Antonio Spurs",31,51,0.378,172,238,0.42
"2022","Chicago Bulls",40,42,0.488,161,222,0.42
"2019","Los Angeles Lakers",52,19,0.732,167,232,0.419
"2013","Golden State Warriors",51,31,0.622,165,229,0.419
"2009","Washington Wizards",26,56,0.317,171,239,0.417
"1989","San Antonio Spurs",56,26,0.683,171,239,0.417
"2006","Portland Trail Blazers",32,50,0.39,171,239,0.417
"1985","New York Knicks",23,59,0.28,171,239,0.417
"1993","New Jersey Nets",45,37,0.549,171,239,0.417
"1993","Milwaukee Bucks",20,62,0.244,171,239,0.417
"2015","New York Knicks",32,50,0.39,164,230,0.416
"1983","Houston Rockets",29,53,0.354,170,240,0.415
"2019","Atlanta Hawks",20,47,0.299,164,231,0.415
"2009","Charlotte Bobcats",44,38,0.537,170,240,0.415
"1978","Philadelphia 76ers",47,35,0.573,170,240,0.415
"2009","New Jersey Nets",12,70,0.146,170,240,0.415
"1998","Minnesota Timberwolves",25,25,0.5,157,221,0.415
"2013","Philadelphia 76ers",19,63,0.232,163,231,0.414
"2013","Charlotte Bobcats",43,39,0.524,163,231,0.414
"2015","Los Angeles Lakers",17,65,0.207,163,231,0.414
"2022","Washington Wizards",35,47,0.427,161,229,0.413
"2000","Dallas Mavericks",53,29,0.646,156,222,0.413
"2019","Minnesota Timberwolves",19,45,0.297,162,230,0.413
"1998","Milwaukee Bucks",28,22,0.56,156,222,0.413
"1984","Utah Jazz",41,41,0.5,169,241,0.412
"1972","Detroit Pistons",40,42,0.488,169,241,0.412
"1987","New Jersey Nets",19,63,0.232,169,241,0.412
"2010","Milwaukee Bucks",35,47,0.427,169,241,0.412
"2011","New York Knicks",36,30,0.545,162,232,0.411
"1953","Philadelphia Warriors",29,43,0.403,140,201,0.411
"2011","Golden State Warriors",23,43,0.348,162,232,0.411
"2016","Milwaukee Bucks",42,40,0.512,162,232,0.411
"1992","Los Angeles Clippers",41,41,0.5,168,242,0.41
"1977","Houston Rockets",28,54,0.341,168,242,0.41
"1984","Dallas Mavericks",44,38,0.537,168,242,0.41
"1982","Chicago Bulls",28,54,0.341,168,242,0.41
"2020","Sacramento Kings",31,41,0.431,160,230,0.41
"2014","New York Knicks",17,65,0.207,161,233,0.409
"2019","Orlando Magic",33,40,0.452,164,237,0.409
"2013","Milwaukee Bucks",15,67,0.183,161,233,0.409
"1969","San Francisco Warriors",30,52,0.366,166,240,0.409
"2020","Detroit Pistons",20,52,0.278,157,227,0.409
"2021","Atlanta Hawks",43,39,0.524,157,228,0.408
"2020","Atlanta Hawks",41,31,0.569,157,228,0.408
"1951","Baltimore Bullets",20,46,0.303,126,183,0.408
"2020","Minnesota Timberwolves",23,49,0.319,156,226,0.408
"1992","Denver Nuggets",36,46,0.439,167,243,0.407
"1977","Cleveland Cavaliers",43,39,0.524,167,243,0.407
"1997","Sacramento Kings",27,55,0.329,167,243,0.407
"2015","Detroit Pistons",44,38,0.537,160,234,0.406
"2022","Cleveland Cavaliers",51,31,0.622,155,228,0.405
"2019","Sacramento Kings",31,41,0.431,162,238,0.405
"2021","Sacramento Kings",30,52,0.366,158,232,0.405
"2008","Los Angeles Clippers",19,63,0.232,166,244,0.405
"1987","Cleveland Cavaliers",42,40,0.512,166,244,0.405
"2014","Washington Wizards",46,36,0.561,159,235,0.404
"2011","Toronto Raptors",23,43,0.348,159,235,0.404
"1996","Sacramento Kings",34,48,0.415,165,245,0.402
"2006","New York Knicks",33,49,0.402,165,245,0.402
"1993","Denver Nuggets",42,40,0.512,165,245,0.402
"2021","Cleveland Cavaliers",44,38,0.537,154,229,0.402
"2002","Atlanta Hawks",35,47,0.427,152,226,0.402
"2007","Milwaukee Bucks",26,56,0.317,165,245,0.402
"1967","Baltimore Bullets",36,46,0.439,158,235,0.402
"1991","Washington Bullets",25,57,0.305,164,246,0.4
"2006","Toronto Raptors",47,35,0.573,164,246,0.4
"2005","Golden State Warriors",34,48,0.415,164,246,0.4
"1985","Golden State Warriors",30,52,0.366,164,246,0.4
"1983","Chicago Bulls",27,55,0.329,164,246,0.4
"2022","Houston Rockets",22,60,0.268,156,234,0.4
"1994","Denver Nuggets",41,41,0.5,163,247,0.398
"2017","Minnesota Timberwolves",47,35,0.573,163,247,0.398
"1986","Chicago Bulls",40,42,0.488,163,247,0.398
"1981","New Jersey Nets",44,38,0.537,163,247,0.398
"1996","Boston Celtics",15,67,0.183,163,247,0.398
"2004","Washington Wizards",45,37,0.549,163,247,0.398
"1959","Minneapolis Lakers",25,50,0.333,145,220,0.397
"2004","Los Angeles Clippers",37,45,0.451,162,248,0.395
"2008","Memphis Grizzlies",24,58,0.293,162,248,0.395
"2005","Chicago Bulls",41,41,0.5,162,248,0.395
"1983","Indiana Pacers",26,56,0.317,162,248,0.395
"1983","Detroit Pistons",49,33,0.598,162,248,0.395
"1986","New York Knicks",24,58,0.293,162,248,0.395
"2005","New York Knicks",23,59,0.28,162,248,0.395
"2003","Denver Nuggets",43,39,0.524,162,248,0.395
"1972","Seattle SuperSonics",26,56,0.317,162,248,0.395
"1977","Portland Trail Blazers",58,24,0.707,162,248,0.395
"2007","Portland Trail Blazers",41,41,0.5,162,248,0.395
"1973","Philadelphia 76ers",25,57,0.305,161,249,0.393
"1993","Orlando Magic",50,32,0.61,161,249,0.393
"1988","New York Knicks",52,30,0.634,161,249,0.393
"2015","Milwaukee Bucks",33,49,0.402,155,239,0.393
"1994","Milwaukee Bucks",34,48,0.415,161,249,0.393
"1994","Los Angeles Clippers",17,65,0.207,161,249,0.393
"1997","Golden State Warriors",19,63,0.232,161,249,0.393
"1986","Golden State Warriors",42,40,0.512,161,249,0.393
"1993","Charlotte Hornets",41,41,0.5,161,249,0.393
"1977","Buffalo Braves",27,55,0.329,161,249,0.393
"2019","Chicago Bulls",22,43,0.338,154,239,0.392
"1999","Philadelphia 76ers",49,33,0.598,148,230,0.392
"1963","Detroit Pistons",23,57,0.288,148,231,0.391
"1995","Sacramento Kings",39,43,0.476,160,250,0.39
"2018","Sacramento Kings",39,43,0.476,160,250,0.39
"2022","Orlando Magic",34,48,0.415,152,239,0.389
"2018","Minnesota Timberwolves",36,46,0.439,159,251,0.388
"2010","New York Knicks",42,40,0.512,159,251,0.388
"2005","Toronto Raptors",27,55,0.329,159,251,0.388
"2018","Philadelphia 76ers",51,31,0.622,159,251,0.388
"2016","New York Knicks",31,51,0.378,153,241,0.388
"1995","Los Angeles Clippers",29,53,0.354,159,251,0.388
"2021","Chicago Bulls",46,36,0.561,148,235,0.386
"2011","Charlotte Bobcats",7,59,0.106,152,242,0.386
"1999","New Jersey Nets",31,51,0.378,146,232,0.386
"1993","Miami Heat",42,40,0.512,158,252,0.385
"2008","Milwaukee Bucks",34,48,0.415,158,252,0.385
"2009","Los Angeles Clippers",29,53,0.354,158,252,0.385
"2020","Orlando Magic",21,51,0.292,150,241,0.384
"1998","New Jersey Nets",16,34,0.32,145,233,0.384
"2001","Washington Wizards",37,45,0.451,145,233,0.384
"1969","Detroit Pistons",31,51,0.378,156,250,0.384
"1988","Golden State Warriors",43,39,0.524,157,253,0.383
"1963","New York Knicks",22,58,0.275,145,234,0.383
"2009","Memphis Grizzlies",40,42,0.488,157,253,0.383
"1985","Chicago Bulls",30,52,0.366,157,253,0.383
"2009","Sacramento Kings",25,57,0.305,157,253,0.383
"2020","Phoenix Suns",51,21,0.708,149,242,0.381
"2013","Detroit Pistons",29,53,0.354,150,244,0.381
"1982","San Diego Clippers",25,57,0.305,156,254,0.38
"1988","San Antonio Spurs",21,61,0.256,156,254,0.38
"1987","New York Knicks",38,44,0.463,156,254,0.38
"2018","Orlando Magic",42,40,0.512,156,254,0.38
"1988","Indiana Pacers",28,54,0.341,155,255,0.378
"2017","Phoenix Suns",21,61,0.256,155,255,0.378
"2016","Orlando Magic",29,53,0.354,149,245,0.378
"2021","New York Knicks",37,45,0.451,145,239,0.378
"2008","Minnesota Timberwolves",24,58,0.293,155,255,0.378
"1964","Detroit Pistons",31,49,0.388,146,241,0.377
"2010","Memphis Grizzlies",46,36,0.561,154,256,0.376
"1994","Philadelphia 76ers",24,58,0.293,154,256,0.376
"2000","New Jersey Nets",26,56,0.317,142,236,0.376
"1987","Indiana Pacers",38,44,0.463,153,257,0.373
"1967","Detroit Pistons",40,42,0.488,150,252,0.373
"2004","Cleveland Cavaliers",42,40,0.512,153,257,0.373
"1981","Cleveland Cavaliers",15,67,0.183,153,257,0.373
"2020","Chicago Bulls",31,41,0.431,143,240,0.373
"2008","Atlanta Hawks",47,35,0.573,153,257,0.373
"2000","Boston Celtics",36,46,0.439,141,237,0.373
"1977","Philadelphia 76ers",55,27,0.671,153,257,0.373
"2021","Detroit Pistons",23,59,0.28,143,241,0.372
"2010","Washington Wizards",23,59,0.28,152,258,0.371
"1983","Utah Jazz",45,37,0.549,152,258,0.371
"1997","Minnesota Timberwolves",45,37,0.549,152,258,0.371
"1992","New Jersey Nets",43,39,0.524,152,258,0.371
"2002","Washington Wizards",37,45,0.451,140,238,0.37
"1971","Detroit Pistons",26,56,0.317,151,257,0.37
"2017","Brooklyn Nets",28,54,0.341,151,259,0.368
"2007","New York Knicks",23,59,0.28,151,259,0.368
"1997","Boston Celtics",36,46,0.439,151,259,0.368
"1987","Golden State Warriors",20,62,0.244,151,259,0.368
"2021","Orlando Magic",22,60,0.268,143,248,0.366
"1996","Washington Bullets",44,38,0.537,150,260,0.366
"1967","New York Knicks",43,39,0.524,147,255,0.366
"1988","New Jersey Nets",26,56,0.317,150,260,0.366
"1996","Los Angeles Clippers",36,46,0.439,150,260,0.366
"1968","Detroit Pistons",32,50,0.39,148,256,0.366
"1997","Denver Nuggets",11,71,0.134,150,260,0.366
"2019","Brooklyn Nets",35,37,0.486,146,254,0.365
"2016","Sacramento Kings",32,50,0.39,144,250,0.365
"1998","Boston Celtics",19,31,0.38,138,240,0.365
"1999","Boston Celtics",35,47,0.427,138,240,0.365
"1964","New York Knicks",31,49,0.388,141,246,0.364
"2018","Brooklyn Nets",42,40,0.512,149,261,0.363
"2003","Atlanta Hawks",28,54,0.341,149,261,0.363
"2017","Sacramento Kings",27,55,0.329,149,261,0.363
"2011","Los Angeles Clippers",40,26,0.606,143,251,0.363
"2014","Detroit Pistons",32,50,0.39,143,251,0.363
"2020","New York Knicks",41,31,0.569,139,245,0.362
"1965","Baltimore Bullets",38,42,0.475,138,243,0.362
"1997","Milwaukee Bucks",36,46,0.439,148,262,0.361
"1992","Washington Bullets",22,60,0.268,148,262,0.361
"2016","Minnesota Timberwolves",31,51,0.378,142,252,0.36
"1986","Cleveland Cavaliers",31,51,0.378,147,263,0.359
"1984","Indiana Pacers",22,60,0.268,147,263,0.359
"2004","Golden State Warriors",34,48,0.415,147,263,0.359
"2003","Washington Wizards",25,57,0.305,147,263,0.359
"1999","Toronto Raptors",45,37,0.549,135,243,0.357
"2017","New York Knicks",29,53,0.354,146,264,0.356
"1992","Dallas Mavericks",11,71,0.134,146,264,0.356
"1994","Sacramento Kings",39,43,0.476,146,264,0.356
"2014","Philadelphia 76ers",18,64,0.22,140,254,0.355
"1980","Detroit Pistons",21,61,0.256,145,265,0.354
"1965","Detroit Pistons",22,58,0.275,140,255,0.354
"2010","New Jersey Nets",24,58,0.293,145,265,0.354
"2002","Denver Nuggets",17,65,0.207,133,245,0.352
"2008","Charlotte Bobcats",35,47,0.427,144,266,0.351
"1991","Los Angeles Clippers",45,37,0.549,144,266,0.351
"1981","Detroit Pistons",39,43,0.476,144,266,0.351
"2008","New York Knicks",32,50,0.39,144,266,0.351
"1982","Detroit Pistons",37,45,0.451,143,267,0.349
"2003","Cleveland Cavaliers",35,47,0.427,143,267,0.349
"2010","Los Angeles Clippers",32,50,0.39,143,267,0.349
"1998","Golden State Warriors",21,29,0.42,132,246,0.349
"1983","San Diego Clippers",30,52,0.366,143,267,0.349
"2015","Sacramento Kings",33,49,0.402,136,258,0.345
"1952","Baltimore Bullets",16,54,0.229,114,216,0.345
"2002","Cleveland Cavaliers",17,65,0.207,130,248,0.344
"1989","Sacramento Kings",23,59,0.28,140,270,0.341
"1974","Philadelphia 76ers",34,48,0.415,140,270,0.341
"2009","New York Knicks",29,53,0.354,140,270,0.341
"1996","Milwaukee Bucks",33,49,0.402,140,270,0.341
"2003","Los Angeles Clippers",28,54,0.341,140,270,0.341
"1999","Dallas Mavericks",40,42,0.488,129,249,0.341
"1992","Charlotte Hornets",44,38,0.537,140,270,0.341
"2001","Chicago Bulls",21,61,0.256,128,250,0.339
"1995","Milwaukee Bucks",25,57,0.305,138,272,0.337
"2001","Denver Nuggets",27,55,0.329,127,251,0.336
"2016","Los Angeles Lakers",26,56,0.317,132,262,0.335
"2013","Washington Wizards",44,38,0.537,132,262,0.335
"2010","Sacramento Kings",24,58,0.293,137,273,0.334
"2017","Orlando Magic",25,57,0.305,137,273,0.334
"1965","New York Knicks",30,50,0.375,131,264,0.332
"2004","Chicago Bulls",47,35,0.573,136,274,0.332
"2018","Los Angeles Lakers",37,45,0.451,136,274,0.332
"2011","Washington Wizards",20,46,0.303,131,263,0.332
"1998","Dallas Mavericks",19,31,0.38,125,253,0.331
"1999","Golden State Warriors",19,63,0.232,125,253,0.331
"2019","New York Knicks",21,45,0.318,130,264,0.33
"2005","Atlanta Hawks",26,56,0.317,135,275,0.329
"1986","Indiana Pacers",41,41,0.5,135,275,0.329
"2007","Atlanta Hawks",37,45,0.451,134,276,0.327
"2004","Atlanta Hawks",13,69,0.159,134,276,0.327
"1964","Baltimore Bullets",37,43,0.463,120,247,0.327
"2014","Sacramento Kings",29,53,0.354,128,266,0.325
"1998","Philadelphia 76ers",28,22,0.56,123,255,0.325
"2015","Minnesota Timberwolves",29,53,0.354,128,266,0.325
"1982","Cleveland Cavaliers",23,59,0.28,133,277,0.324
"1998","Denver Nuggets",14,36,0.28,122,256,0.323
"2006","Atlanta Hawks",30,52,0.366,132,278,0.322
"2003","Golden State Warriors",37,45,0.451,132,278,0.322
"1993","Washington Bullets",24,58,0.293,132,278,0.322
"1992","Miami Heat",36,46,0.439,131,279,0.32
"2000","Denver Nuggets",40,42,0.488,121,257,0.32
"2011","New Jersey Nets",22,44,0.333,126,268,0.32
"1985","Cleveland Cavaliers",29,53,0.354,131,279,0.32
"2011","Sacramento Kings",22,44,0.333,126,268,0.32
"1983","Cleveland Cavaliers",28,54,0.341,131,279,0.32
"2002","Los Angeles Clippers",27,55,0.329,121,257,0.32
"1995","Washington Bullets",39,43,0.476,131,279,0.32
"1993","Sacramento Kings",28,54,0.341,130,280,0.317
"1984","Cleveland Cavaliers",36,46,0.439,130,280,0.317
"2022","Detroit Pistons",17,65,0.207,121,263,0.315
"1985","Indiana Pacers",26,56,0.317,129,281,0.315
"1992","Sacramento Kings",25,57,0.305,129,281,0.315
"2015","Philadelphia 76ers",10,72,0.122,123,271,0.312
"1991","New Jersey Nets",40,42,0.488,128,282,0.312
"1995","Philadelphia 76ers",18,64,0.22,128,282,0.312
"1991","Sacramento Kings",29,53,0.354,128,282,0.312
"1990","Sacramento Kings",25,57,0.305,128,282,0.312
"2013","Minnesota Timberwolves",40,42,0.488,122,272,0.31
"2017","Philadelphia 76ers",52,30,0.634,127,283,0.31
"1996","Minnesota Timberwolves",40,42,0.488,126,284,0.307
"2018","Phoenix Suns",19,63,0.232,126,284,0.307
"2018","New York Knicks",17,65,0.207,126,284,0.307
"1999","Denver Nuggets",35,47,0.427,116,262,0.307
"2002","Golden State Warriors",38,44,0.463,116,262,0.307
"1997","Los Angeles Clippers",17,65,0.207,126,284,0.307
"2017","Los Angeles Lakers",35,47,0.427,126,284,0.307
"2009","Minnesota Timberwolves",15,67,0.183,126,284,0.307
"1989","New Jersey Nets",17,65,0.207,125,285,0.305
"1963","Baltimore Bullets",31,49,0.388,107,246,0.303
"2019","Phoenix Suns",34,39,0.466,121,280,0.302
"1994","Washington Bullets",21,61,0.256,122,288,0.298
"1953","Baltimore Bullets",16,55,0.225,101,240,0.296
"1993","Dallas Mavericks",13,69,0.159,121,289,0.295
"2001","Los Angeles Clippers",39,43,0.476,111,267,0.294
"2013","Sacramento Kings",28,54,0.341,116,278,0.294
"1997","Philadelphia 76ers",31,51,0.378,120,290,0.293
"1997","Dallas Mavericks",20,62,0.244,119,291,0.29
"2014","Minnesota Timberwolves",16,66,0.195,114,280,0.289
"2000","Los Angeles Clippers",31,51,0.378,108,270,0.286
"1998","Los Angeles Clippers",9,41,0.18,108,270,0.286
"1996","Philadelphia 76ers",22,60,0.268,115,295,0.28
"2000","Golden State Warriors",17,65,0.207,106,272,0.28
"1999","Los Angeles Clippers",15,67,0.183,106,272,0.28
"2016","Philadelphia 76ers",28,54,0.341,110,284,0.279
"1988","Los Angeles Clippers",21,61,0.256,113,297,0.276
"1989","Los Angeles Clippers",30,52,0.366,112,298,0.273
"1990","New Jersey Nets",26,56,0.317,112,298,0.273
"1990","Los Angeles Clippers",31,51,0.378,111,299,0.271
"1994","Dallas Mavericks",36,46,0.439,110,300,0.268
"1996","Dallas Mavericks",24,58,0.293,110,300,0.268
"2010","Minnesota Timberwolves",17,65,0.207,110,300,0.268
"2011","Minnesota Timberwolves",26,40,0.394,104,290,0.264
"1995","Dallas Mavericks",26,56,0.317,108,302,0.263
"2003","Chicago Bulls",23,59,0.28,106,304,0.259
"2001","Golden State Warriors",21,61,0.256,97,281,0.257
"1993","Minnesota Timberwolves",20,62,0.244,105,305,0.256
"1994","Minnesota Timberwolves",21,61,0.256,104,306,0.254
"2002","Chicago Bulls",30,52,0.366,96,282,0.254
"1995","Minnesota Timberwolves",26,56,0.317,101,309,0.246
"2000","Vancouver Grizzlies",23,59,0.28,86,292,0.228
"1999","Vancouver Grizzlies",22,60,0.268,78,300,0.206
